<?xml version="1.0"?>
<doc>
    <assembly>
        <name>ZhonTai.Module.Homely</name>
    </assembly>
    <members>
        <member name="F:ZhonTai.Module.Homely.Core.Consts.HomelyConsts.AreaName">
            <summary>
            默认域
            </summary>
        </member>
        <member name="T:ZhonTai.Module.Homely.Core.Consts.DbKeys">
            <summary>
            数据库键名
            </summary>
        </member>
        <member name="P:ZhonTai.Module.Homely.Core.Consts.DbKeys.AppDb">
            <summary>
            数据库注册键
            </summary>
        </member>
        <member name="T:ZhonTai.Module.Homely.Core.Consts.CacheKeys">
            <summary>
            缓存键
            </summary>
        </member>
        <member name="T:ZhonTai.Module.Homely.Domain.ThingCategory.ThingCategoryEntity">
            <summary>
            物品分类 实体类
            </summary>
            <remarks></remarks>
        </member>
        <member name="P:ZhonTai.Module.Homely.Domain.ThingCategory.ThingCategoryEntity.Name">
            <summary>
            分类名称
            </summary>
            <remarks></remarks>
        </member>
        <member name="P:ZhonTai.Module.Homely.Domain.ThingCategory.ThingCategoryEntity.Sort">
            <summary>
            排序
            </summary>
            <remarks></remarks>
        </member>
        <member name="T:ZhonTai.Module.Homely.Domain.ThingTag.ThingTagEntity">
            <summary>
            物品标签 实体类
            </summary>
            <remarks></remarks>
        </member>
        <member name="P:ZhonTai.Module.Homely.Domain.ThingTag.ThingTagEntity.Name">
            <summary>
            标签名称
            </summary>
            <remarks></remarks>
        </member>
        <member name="P:ZhonTai.Module.Homely.Domain.ThingTag.ThingTagEntity.Sort">
            <summary>
            排序
            </summary>
            <remarks></remarks>
        </member>
        <member name="T:ZhonTai.Module.Homely.Domain.Thing.ThingEntity">
            <summary>
            物品 实体类
            </summary>
            <remarks></remarks>
        </member>
        <member name="P:ZhonTai.Module.Homely.Domain.Thing.ThingEntity.Name">
            <summary>
            物品名称
            </summary>
            <remarks></remarks>
        </member>
        <member name="P:ZhonTai.Module.Homely.Domain.Thing.ThingEntity.CategoryId">
            <summary>
            分类
            </summary>
            <remarks></remarks>
        </member>
        <member name="P:ZhonTai.Module.Homely.Domain.Thing.ThingEntity.AvailableDate">
            <summary>
            有效期
            </summary>
            <remarks></remarks>
        </member>
        <member name="P:ZhonTai.Module.Homely.Domain.Thing.ThingEntity.Sort">
            <summary>
            排序
            </summary>
            <remarks></remarks>
        </member>
        <member name="P:ZhonTai.Module.Homely.Domain.Thing.ThingEntity.TagIds">
            <summary>
            标签
            </summary>
            <remarks></remarks>
        </member>
        <member name="P:ZhonTai.Module.Homely.Domain.Thing.ThingEntity.Remark">
            <summary>
            备注
            </summary>
            <remarks></remarks>
        </member>
        <member name="P:ZhonTai.Module.Homely.Domain.Thing.ThingEntity.ImageUrl">
            <summary>
            图片
            </summary>
            <remarks></remarks>
        </member>
        <member name="T:ZhonTai.Module.Homely.Services.ThingCategory.IThingCategoryService">
            <summary>
            物品分类服务
            </summary>
        </member>
        <member name="M:ZhonTai.Module.Homely.Services.ThingCategory.IThingCategoryService.GetAsync(System.Int64)">
            <summary>
            查询
            </summary>
        </member>
        <member name="M:ZhonTai.Module.Homely.Services.ThingCategory.IThingCategoryService.GetPageAsync(ZhonTai.Admin.Core.Dto.PageInput{ZhonTai.Module.Homely.Services.ThingCategory.Dto.ThingCategoryGetPageInput})">
            <summary>
            分页查询
            </summary>
        </member>
        <member name="M:ZhonTai.Module.Homely.Services.ThingCategory.IThingCategoryService.GetListAsync(ZhonTai.Module.Homely.Services.ThingCategory.Dto.ThingCategoryGetListInput)">
            <summary>
            列表查询
            </summary>
        </member>
        <member name="M:ZhonTai.Module.Homely.Services.ThingCategory.IThingCategoryService.AddAsync(ZhonTai.Module.Homely.Services.ThingCategory.Dto.ThingCategoryAddInput)">
            <summary>
            新增
            </summary>
        </member>
        <member name="M:ZhonTai.Module.Homely.Services.ThingCategory.IThingCategoryService.UpdateAsync(ZhonTai.Module.Homely.Services.ThingCategory.Dto.ThingCategoryUpdateInput)">
            <summary>
            编辑
            </summary>
        </member>
        <member name="M:ZhonTai.Module.Homely.Services.ThingCategory.IThingCategoryService.DeleteAsync(System.Int64)">
            <summary>
            删除
            </summary>
        </member>
        <member name="M:ZhonTai.Module.Homely.Services.ThingCategory.IThingCategoryService.SoftDeleteAsync(System.Int64)">
            <summary>
            软删除
            </summary>
        </member>
        <member name="M:ZhonTai.Module.Homely.Services.ThingCategory.IThingCategoryService.BatchSoftDeleteAsync(System.Int64[])">
            <summary>
            批量软删除
            </summary>
        </member>
        <member name="T:ZhonTai.Module.Homely.Services.ThingCategory.Dto.ThingCategoryGetListOutput">
            <summary>物品分类列表查询结果输出</summary>
        </member>
        <member name="P:ZhonTai.Module.Homely.Services.ThingCategory.Dto.ThingCategoryGetListOutput.Name">
            <summary>分类名称</summary>
        </member>
        <member name="P:ZhonTai.Module.Homely.Services.ThingCategory.Dto.ThingCategoryGetListOutput.Sort">
            <summary>排序</summary>
        </member>
        <member name="T:ZhonTai.Module.Homely.Services.ThingCategory.Dto.ThingCategoryGetListInput">
            <summary>物品分类列表查询条件输入</summary>
        </member>
        <member name="T:ZhonTai.Module.Homely.Services.ThingCategory.Dto.ThingCategoryGetOutput">
            <summary>物品分类查询结果输出</summary>
        </member>
        <member name="P:ZhonTai.Module.Homely.Services.ThingCategory.Dto.ThingCategoryGetOutput.Name">
            <summary>分类名称</summary>
        </member>
        <member name="P:ZhonTai.Module.Homely.Services.ThingCategory.Dto.ThingCategoryGetOutput.Sort">
            <summary>排序</summary>
        </member>
        <member name="T:ZhonTai.Module.Homely.Services.ThingCategory.Dto.ThingCategoryGetPageOutput">
            <summary>物品分类分页查询结果输出</summary>
        </member>
        <member name="P:ZhonTai.Module.Homely.Services.ThingCategory.Dto.ThingCategoryGetPageOutput.Name">
            <summary>分类名称</summary>
        </member>
        <member name="P:ZhonTai.Module.Homely.Services.ThingCategory.Dto.ThingCategoryGetPageOutput.Sort">
            <summary>排序</summary>
        </member>
        <member name="T:ZhonTai.Module.Homely.Services.ThingCategory.Dto.ThingCategoryGetPageInput">
            <summary>物品分类分页查询条件输入</summary>
        </member>
        <member name="P:ZhonTai.Module.Homely.Services.ThingCategory.Dto.ThingCategoryGetPageInput.Name">
            <summary>分类名称</summary>       
        </member>
        <member name="T:ZhonTai.Module.Homely.Services.ThingCategory.Dto.ThingCategoryAddInput">
            <summary>物品分类新增输入</summary>
        </member>
        <member name="P:ZhonTai.Module.Homely.Services.ThingCategory.Dto.ThingCategoryAddInput.Name">
            <summary>分类名称</summary>
        </member>
        <member name="P:ZhonTai.Module.Homely.Services.ThingCategory.Dto.ThingCategoryAddInput.Sort">
            <summary>排序</summary>
        </member>
        <member name="T:ZhonTai.Module.Homely.Services.ThingCategory.Dto.ThingCategoryUpdateInput">
            <summary>物品分类更新数据输入</summary>
        </member>
        <member name="P:ZhonTai.Module.Homely.Services.ThingCategory.Dto.ThingCategoryUpdateInput.Name">
            <summary>分类名称</summary>
        </member>
        <member name="P:ZhonTai.Module.Homely.Services.ThingCategory.Dto.ThingCategoryUpdateInput.Sort">
            <summary>排序</summary>
        </member>
        <member name="T:ZhonTai.Module.Homely.Services.ThingCategory.ThingCategoryService">
            <summary>
            物品分类服务
            </summary>
        </member>
        <member name="M:ZhonTai.Module.Homely.Services.ThingCategory.ThingCategoryService.GetAsync(System.Int64)">
            <summary>
            查询
            </summary>
            <param name="id"></param>
            <returns></returns>
        </member>
        <member name="M:ZhonTai.Module.Homely.Services.ThingCategory.ThingCategoryService.GetListAsync(ZhonTai.Module.Homely.Services.ThingCategory.Dto.ThingCategoryGetListInput)">
            <summary>
            列表查询
            </summary>
            <param name="input"></param>
            <returns></returns>
        </member>
        <member name="M:ZhonTai.Module.Homely.Services.ThingCategory.ThingCategoryService.GetPageAsync(ZhonTai.Admin.Core.Dto.PageInput{ZhonTai.Module.Homely.Services.ThingCategory.Dto.ThingCategoryGetPageInput})">
            <summary>
            分页查询
            </summary>
            <param name="input"></param>
            <returns></returns>
        </member>
        <member name="M:ZhonTai.Module.Homely.Services.ThingCategory.ThingCategoryService.AddAsync(ZhonTai.Module.Homely.Services.ThingCategory.Dto.ThingCategoryAddInput)">
            <summary>
            新增
            </summary>
            <param name="input"></param>
            <returns></returns>
        </member>
        <member name="M:ZhonTai.Module.Homely.Services.ThingCategory.ThingCategoryService.UpdateAsync(ZhonTai.Module.Homely.Services.ThingCategory.Dto.ThingCategoryUpdateInput)">
            <summary>
            更新
            </summary>
            <param name="input"></param>
            <returns></returns>
        </member>
        <member name="M:ZhonTai.Module.Homely.Services.ThingCategory.ThingCategoryService.DeleteAsync(System.Int64)">
            <summary>
            删除
            </summary>
            <param name="id"></param>
            <returns></returns>
        </member>
        <member name="M:ZhonTai.Module.Homely.Services.ThingCategory.ThingCategoryService.SoftDeleteAsync(System.Int64)">
            <summary>
            软删除
            </summary>
            <param name="id"></param>
            <returns></returns>
        </member>
        <member name="M:ZhonTai.Module.Homely.Services.ThingCategory.ThingCategoryService.BatchSoftDeleteAsync(System.Int64[])">
            <summary>
            批量软删除
            </summary>
            <param name="ids"></param>
            <returns></returns>
        </member>
        <member name="T:ZhonTai.Module.Homely.Services.ThingTag.IThingTagService">
            <summary>
            物品标签服务
            </summary>
        </member>
        <member name="M:ZhonTai.Module.Homely.Services.ThingTag.IThingTagService.GetAsync(System.Int64)">
            <summary>
            查询
            </summary>
        </member>
        <member name="M:ZhonTai.Module.Homely.Services.ThingTag.IThingTagService.GetPageAsync(ZhonTai.Admin.Core.Dto.PageInput{ZhonTai.Module.Homely.Services.ThingTag.Dto.ThingTagGetPageInput})">
            <summary>
            分页查询
            </summary>
        </member>
        <member name="M:ZhonTai.Module.Homely.Services.ThingTag.IThingTagService.GetListAsync(ZhonTai.Module.Homely.Services.ThingTag.Dto.ThingTagGetListInput)">
            <summary>
            列表查询
            </summary>
        </member>
        <member name="M:ZhonTai.Module.Homely.Services.ThingTag.IThingTagService.AddAsync(ZhonTai.Module.Homely.Services.ThingTag.Dto.ThingTagAddInput)">
            <summary>
            新增
            </summary>
        </member>
        <member name="M:ZhonTai.Module.Homely.Services.ThingTag.IThingTagService.UpdateAsync(ZhonTai.Module.Homely.Services.ThingTag.Dto.ThingTagUpdateInput)">
            <summary>
            编辑
            </summary>
        </member>
        <member name="M:ZhonTai.Module.Homely.Services.ThingTag.IThingTagService.DeleteAsync(System.Int64)">
            <summary>
            删除
            </summary>
        </member>
        <member name="M:ZhonTai.Module.Homely.Services.ThingTag.IThingTagService.SoftDeleteAsync(System.Int64)">
            <summary>
            软删除
            </summary>
        </member>
        <member name="M:ZhonTai.Module.Homely.Services.ThingTag.IThingTagService.BatchSoftDeleteAsync(System.Int64[])">
            <summary>
            批量软删除
            </summary>
        </member>
        <member name="T:ZhonTai.Module.Homely.Services.ThingTag.Dto.ThingTagGetListOutput">
            <summary>物品标签列表查询结果输出</summary>
        </member>
        <member name="P:ZhonTai.Module.Homely.Services.ThingTag.Dto.ThingTagGetListOutput.Name">
            <summary>标签名称</summary>
        </member>
        <member name="P:ZhonTai.Module.Homely.Services.ThingTag.Dto.ThingTagGetListOutput.Sort">
            <summary>排序</summary>
        </member>
        <member name="T:ZhonTai.Module.Homely.Services.ThingTag.Dto.ThingTagGetListInput">
            <summary>物品标签列表查询条件输入</summary>
        </member>
        <member name="T:ZhonTai.Module.Homely.Services.ThingTag.Dto.ThingTagGetOutput">
            <summary>物品标签查询结果输出</summary>
        </member>
        <member name="P:ZhonTai.Module.Homely.Services.ThingTag.Dto.ThingTagGetOutput.Name">
            <summary>标签名称</summary>
        </member>
        <member name="P:ZhonTai.Module.Homely.Services.ThingTag.Dto.ThingTagGetOutput.Sort">
            <summary>排序</summary>
        </member>
        <member name="T:ZhonTai.Module.Homely.Services.ThingTag.Dto.ThingTagGetPageOutput">
            <summary>物品标签分页查询结果输出</summary>
        </member>
        <member name="P:ZhonTai.Module.Homely.Services.ThingTag.Dto.ThingTagGetPageOutput.Name">
            <summary>标签名称</summary>
        </member>
        <member name="P:ZhonTai.Module.Homely.Services.ThingTag.Dto.ThingTagGetPageOutput.Sort">
            <summary>排序</summary>
        </member>
        <member name="T:ZhonTai.Module.Homely.Services.ThingTag.Dto.ThingTagGetPageInput">
            <summary>物品标签分页查询条件输入</summary>
        </member>
        <member name="P:ZhonTai.Module.Homely.Services.ThingTag.Dto.ThingTagGetPageInput.Name">
            <summary>标签名称</summary>       
        </member>
        <member name="T:ZhonTai.Module.Homely.Services.ThingTag.Dto.ThingTagAddInput">
            <summary>物品标签新增输入</summary>
        </member>
        <member name="P:ZhonTai.Module.Homely.Services.ThingTag.Dto.ThingTagAddInput.Name">
            <summary>标签名称</summary>
        </member>
        <member name="P:ZhonTai.Module.Homely.Services.ThingTag.Dto.ThingTagAddInput.Sort">
            <summary>排序</summary>
        </member>
        <member name="T:ZhonTai.Module.Homely.Services.ThingTag.Dto.ThingTagUpdateInput">
            <summary>物品标签更新数据输入</summary>
        </member>
        <member name="P:ZhonTai.Module.Homely.Services.ThingTag.Dto.ThingTagUpdateInput.Name">
            <summary>标签名称</summary>
        </member>
        <member name="P:ZhonTai.Module.Homely.Services.ThingTag.Dto.ThingTagUpdateInput.Sort">
            <summary>排序</summary>
        </member>
        <member name="T:ZhonTai.Module.Homely.Services.ThingTag.ThingTagService">
            <summary>
            物品标签服务
            </summary>
        </member>
        <member name="M:ZhonTai.Module.Homely.Services.ThingTag.ThingTagService.GetAsync(System.Int64)">
            <summary>
            查询
            </summary>
            <param name="id"></param>
            <returns></returns>
        </member>
        <member name="M:ZhonTai.Module.Homely.Services.ThingTag.ThingTagService.GetListAsync(ZhonTai.Module.Homely.Services.ThingTag.Dto.ThingTagGetListInput)">
            <summary>
            列表查询
            </summary>
            <param name="input"></param>
            <returns></returns>
        </member>
        <member name="M:ZhonTai.Module.Homely.Services.ThingTag.ThingTagService.GetPageAsync(ZhonTai.Admin.Core.Dto.PageInput{ZhonTai.Module.Homely.Services.ThingTag.Dto.ThingTagGetPageInput})">
            <summary>
            分页查询
            </summary>
            <param name="input"></param>
            <returns></returns>
        </member>
        <member name="M:ZhonTai.Module.Homely.Services.ThingTag.ThingTagService.AddAsync(ZhonTai.Module.Homely.Services.ThingTag.Dto.ThingTagAddInput)">
            <summary>
            新增
            </summary>
            <param name="input"></param>
            <returns></returns>
        </member>
        <member name="M:ZhonTai.Module.Homely.Services.ThingTag.ThingTagService.UpdateAsync(ZhonTai.Module.Homely.Services.ThingTag.Dto.ThingTagUpdateInput)">
            <summary>
            更新
            </summary>
            <param name="input"></param>
            <returns></returns>
        </member>
        <member name="M:ZhonTai.Module.Homely.Services.ThingTag.ThingTagService.DeleteAsync(System.Int64)">
            <summary>
            删除
            </summary>
            <param name="id"></param>
            <returns></returns>
        </member>
        <member name="M:ZhonTai.Module.Homely.Services.ThingTag.ThingTagService.SoftDeleteAsync(System.Int64)">
            <summary>
            软删除
            </summary>
            <param name="id"></param>
            <returns></returns>
        </member>
        <member name="M:ZhonTai.Module.Homely.Services.ThingTag.ThingTagService.BatchSoftDeleteAsync(System.Int64[])">
            <summary>
            批量软删除
            </summary>
            <param name="ids"></param>
            <returns></returns>
        </member>
        <member name="T:ZhonTai.Module.Homely.Services.Thing.IThingService">
            <summary>
            物品服务
            </summary>
        </member>
        <member name="M:ZhonTai.Module.Homely.Services.Thing.IThingService.GetAsync(System.Int64)">
            <summary>
            查询
            </summary>
        </member>
        <member name="M:ZhonTai.Module.Homely.Services.Thing.IThingService.GetPageAsync(ZhonTai.Admin.Core.Dto.PageInput{ZhonTai.Module.Homely.Services.Thing.Dto.ThingGetPageInput})">
            <summary>
            分页查询
            </summary>
        </member>
        <member name="M:ZhonTai.Module.Homely.Services.Thing.IThingService.GetListAsync(ZhonTai.Module.Homely.Services.Thing.Dto.ThingGetListInput)">
            <summary>
            列表查询
            </summary>
        </member>
        <member name="M:ZhonTai.Module.Homely.Services.Thing.IThingService.AddAsync(ZhonTai.Module.Homely.Services.Thing.Dto.ThingAddInput)">
            <summary>
            新增
            </summary>
        </member>
        <member name="M:ZhonTai.Module.Homely.Services.Thing.IThingService.UpdateAsync(ZhonTai.Module.Homely.Services.Thing.Dto.ThingUpdateInput)">
            <summary>
            编辑
            </summary>
        </member>
        <member name="M:ZhonTai.Module.Homely.Services.Thing.IThingService.DeleteAsync(System.Int64)">
            <summary>
            删除
            </summary>
        </member>
        <member name="M:ZhonTai.Module.Homely.Services.Thing.IThingService.SoftDeleteAsync(System.Int64)">
            <summary>
            软删除
            </summary>
        </member>
        <member name="M:ZhonTai.Module.Homely.Services.Thing.IThingService.BatchSoftDeleteAsync(System.Int64[])">
            <summary>
            批量软删除
            </summary>
        </member>
        <member name="T:ZhonTai.Module.Homely.Services.Thing.Dto.ThingGetListOutput">
            <summary>物品列表查询结果输出</summary>
        </member>
        <member name="P:ZhonTai.Module.Homely.Services.Thing.Dto.ThingGetListOutput.Name">
            <summary>物品名称</summary>
        </member>
        <member name="P:ZhonTai.Module.Homely.Services.Thing.Dto.ThingGetListOutput.CategoryId">
            <summary>分类</summary>
        </member>
        <member name="P:ZhonTai.Module.Homely.Services.Thing.Dto.ThingGetListOutput.CategoryId_Text">
            <summary>分类显示文本</summary>
        </member>
        <member name="P:ZhonTai.Module.Homely.Services.Thing.Dto.ThingGetListOutput.AvailableDate">
            <summary>有效期</summary>
        </member>
        <member name="P:ZhonTai.Module.Homely.Services.Thing.Dto.ThingGetListOutput.Sort">
            <summary>排序</summary>
        </member>
        <member name="P:ZhonTai.Module.Homely.Services.Thing.Dto.ThingGetListOutput.TagIds">
            <summary>标签</summary>
        </member>
        <member name="P:ZhonTai.Module.Homely.Services.Thing.Dto.ThingGetListOutput.TagIds_Texts">
            <summary>标签显示文本</summary>
        </member>
        <member name="P:ZhonTai.Module.Homely.Services.Thing.Dto.ThingGetListOutput.TagIds_Values">
            <summary>页面使用的标签数组</summary>
        </member>
        <member name="P:ZhonTai.Module.Homely.Services.Thing.Dto.ThingGetListOutput.Remark">
            <summary>备注</summary>
        </member>
        <member name="P:ZhonTai.Module.Homely.Services.Thing.Dto.ThingGetListOutput.ImageUrl">
            <summary>图片</summary>
        </member>
        <member name="T:ZhonTai.Module.Homely.Services.Thing.Dto.ThingGetListInput">
            <summary>物品列表查询条件输入</summary>
        </member>
        <member name="T:ZhonTai.Module.Homely.Services.Thing.Dto.ThingGetOutput">
            <summary>物品查询结果输出</summary>
        </member>
        <member name="P:ZhonTai.Module.Homely.Services.Thing.Dto.ThingGetOutput.Name">
            <summary>物品名称</summary>
        </member>
        <member name="P:ZhonTai.Module.Homely.Services.Thing.Dto.ThingGetOutput.CategoryId">
            <summary>分类</summary>
        </member>
        <member name="P:ZhonTai.Module.Homely.Services.Thing.Dto.ThingGetOutput.CategoryId_Text">
            <summary>分类显示文本</summary>
        </member>
        <member name="P:ZhonTai.Module.Homely.Services.Thing.Dto.ThingGetOutput.AvailableDate">
            <summary>有效期</summary>
        </member>
        <member name="P:ZhonTai.Module.Homely.Services.Thing.Dto.ThingGetOutput.Sort">
            <summary>排序</summary>
        </member>
        <member name="P:ZhonTai.Module.Homely.Services.Thing.Dto.ThingGetOutput.TagIds">
            <summary>标签</summary>
        </member>
        <member name="P:ZhonTai.Module.Homely.Services.Thing.Dto.ThingGetOutput.TagIds_Texts">
            <summary>标签显示文本</summary>
        </member>
        <member name="P:ZhonTai.Module.Homely.Services.Thing.Dto.ThingGetOutput.TagIds_Values">
            <summary>页面使用的标签数组</summary>
        </member>
        <member name="P:ZhonTai.Module.Homely.Services.Thing.Dto.ThingGetOutput.Remark">
            <summary>备注</summary>
        </member>
        <member name="P:ZhonTai.Module.Homely.Services.Thing.Dto.ThingGetOutput.ImageUrl">
            <summary>图片</summary>
        </member>
        <member name="T:ZhonTai.Module.Homely.Services.Thing.Dto.ThingGetPageOutput">
            <summary>物品分页查询结果输出</summary>
        </member>
        <member name="P:ZhonTai.Module.Homely.Services.Thing.Dto.ThingGetPageOutput.Name">
            <summary>物品名称</summary>
        </member>
        <member name="P:ZhonTai.Module.Homely.Services.Thing.Dto.ThingGetPageOutput.CategoryId">
            <summary>分类</summary>
        </member>
        <member name="P:ZhonTai.Module.Homely.Services.Thing.Dto.ThingGetPageOutput.CategoryId_Text">
            <summary>分类显示文本</summary>
        </member>
        <member name="P:ZhonTai.Module.Homely.Services.Thing.Dto.ThingGetPageOutput.AvailableDate">
            <summary>有效期</summary>
        </member>
        <member name="P:ZhonTai.Module.Homely.Services.Thing.Dto.ThingGetPageOutput.Sort">
            <summary>排序</summary>
        </member>
        <member name="P:ZhonTai.Module.Homely.Services.Thing.Dto.ThingGetPageOutput.TagIds">
            <summary>标签</summary>
        </member>
        <member name="P:ZhonTai.Module.Homely.Services.Thing.Dto.ThingGetPageOutput.TagIds_Texts">
            <summary>标签显示文本</summary>
        </member>
        <member name="P:ZhonTai.Module.Homely.Services.Thing.Dto.ThingGetPageOutput.TagIds_Values">
            <summary>页面使用的标签数组</summary>
        </member>
        <member name="P:ZhonTai.Module.Homely.Services.Thing.Dto.ThingGetPageOutput.Remark">
            <summary>备注</summary>
        </member>
        <member name="P:ZhonTai.Module.Homely.Services.Thing.Dto.ThingGetPageOutput.ImageUrl">
            <summary>图片</summary>
        </member>
        <member name="T:ZhonTai.Module.Homely.Services.Thing.Dto.ThingGetPageInput">
            <summary>物品分页查询条件输入</summary>
        </member>
        <member name="P:ZhonTai.Module.Homely.Services.Thing.Dto.ThingGetPageInput.Name">
            <summary>物品名称</summary>       
        </member>
        <member name="P:ZhonTai.Module.Homely.Services.Thing.Dto.ThingGetPageInput.AvailableDate">
            <summary>有效期</summary>       
        </member>
        <member name="T:ZhonTai.Module.Homely.Services.Thing.Dto.ThingAddInput">
            <summary>物品新增输入</summary>
        </member>
        <member name="P:ZhonTai.Module.Homely.Services.Thing.Dto.ThingAddInput.Name">
            <summary>物品名称</summary>
        </member>
        <member name="P:ZhonTai.Module.Homely.Services.Thing.Dto.ThingAddInput.CategoryId">
            <summary>分类</summary>
        </member>
        <member name="P:ZhonTai.Module.Homely.Services.Thing.Dto.ThingAddInput.AvailableDate">
            <summary>有效期</summary>
        </member>
        <member name="P:ZhonTai.Module.Homely.Services.Thing.Dto.ThingAddInput.Sort">
            <summary>排序</summary>
        </member>
        <member name="P:ZhonTai.Module.Homely.Services.Thing.Dto.ThingAddInput.TagIds">
            <summary>标签</summary>
        </member>
        <member name="P:ZhonTai.Module.Homely.Services.Thing.Dto.ThingAddInput.TagIds_Values">
            <summary>页面提交的标签数组</summary>
        </member>
        <member name="P:ZhonTai.Module.Homely.Services.Thing.Dto.ThingAddInput.Remark">
            <summary>备注</summary>
        </member>
        <member name="P:ZhonTai.Module.Homely.Services.Thing.Dto.ThingAddInput.ImageUrl">
            <summary>图片</summary>
        </member>
        <member name="T:ZhonTai.Module.Homely.Services.Thing.Dto.ThingUpdateInput">
            <summary>物品更新数据输入</summary>
        </member>
        <member name="P:ZhonTai.Module.Homely.Services.Thing.Dto.ThingUpdateInput.Name">
            <summary>物品名称</summary>
        </member>
        <member name="P:ZhonTai.Module.Homely.Services.Thing.Dto.ThingUpdateInput.CategoryId">
            <summary>分类</summary>
        </member>
        <member name="P:ZhonTai.Module.Homely.Services.Thing.Dto.ThingUpdateInput.AvailableDate">
            <summary>有效期</summary>
        </member>
        <member name="P:ZhonTai.Module.Homely.Services.Thing.Dto.ThingUpdateInput.Sort">
            <summary>排序</summary>
        </member>
        <member name="P:ZhonTai.Module.Homely.Services.Thing.Dto.ThingUpdateInput.TagIds">
            <summary>标签</summary>
        </member>
        <member name="P:ZhonTai.Module.Homely.Services.Thing.Dto.ThingUpdateInput.TagIds_Values">
            <summary>页面提交的标签数组</summary>
        </member>
        <member name="P:ZhonTai.Module.Homely.Services.Thing.Dto.ThingUpdateInput.Remark">
            <summary>备注</summary>
        </member>
        <member name="P:ZhonTai.Module.Homely.Services.Thing.Dto.ThingUpdateInput.ImageUrl">
            <summary>图片</summary>
        </member>
        <member name="T:ZhonTai.Module.Homely.Services.Thing.ThingService">
            <summary>
            物品服务
            </summary>
        </member>
        <member name="M:ZhonTai.Module.Homely.Services.Thing.ThingService.GetAsync(System.Int64)">
            <summary>
            查询
            </summary>
            <param name="id"></param>
            <returns></returns>
        </member>
        <member name="M:ZhonTai.Module.Homely.Services.Thing.ThingService.GetListAsync(ZhonTai.Module.Homely.Services.Thing.Dto.ThingGetListInput)">
            <summary>
            列表查询
            </summary>
            <param name="input"></param>
            <returns></returns>
        </member>
        <member name="M:ZhonTai.Module.Homely.Services.Thing.ThingService.GetPageAsync(ZhonTai.Admin.Core.Dto.PageInput{ZhonTai.Module.Homely.Services.Thing.Dto.ThingGetPageInput})">
            <summary>
            分页查询
            </summary>
            <param name="input"></param>
            <returns></returns>
        </member>
        <member name="M:ZhonTai.Module.Homely.Services.Thing.ThingService.AddAsync(ZhonTai.Module.Homely.Services.Thing.Dto.ThingAddInput)">
            <summary>
            新增
            </summary>
            <param name="input"></param>
            <returns></returns>
        </member>
        <member name="M:ZhonTai.Module.Homely.Services.Thing.ThingService.UpdateAsync(ZhonTai.Module.Homely.Services.Thing.Dto.ThingUpdateInput)">
            <summary>
            更新
            </summary>
            <param name="input"></param>
            <returns></returns>
        </member>
        <member name="M:ZhonTai.Module.Homely.Services.Thing.ThingService.DeleteAsync(System.Int64)">
            <summary>
            删除
            </summary>
            <param name="id"></param>
            <returns></returns>
        </member>
        <member name="M:ZhonTai.Module.Homely.Services.Thing.ThingService.SoftDeleteAsync(System.Int64)">
            <summary>
            软删除
            </summary>
            <param name="id"></param>
            <returns></returns>
        </member>
        <member name="M:ZhonTai.Module.Homely.Services.Thing.ThingService.BatchSoftDeleteAsync(System.Int64[])">
            <summary>
            批量软删除
            </summary>
            <param name="ids"></param>
            <returns></returns>
        </member>
    </members>
</doc>
