<?xml version="1.0"?>
<doc>
    <assembly>
        <name>ZhonTai.Common</name>
    </assembly>
    <members>
        <member name="F:ZhonTai.Common.Extensions.DateTimeExtension.TimestampStart">
            <summary>
            时间戳起始日期
            </summary>
        </member>
        <member name="M:ZhonTai.Common.Extensions.DateTimeExtension.ToTimestamp(System.DateTime,System.Boolean)">
            <summary>
            转换为时间戳
            </summary>
            <param name="dateTime"></param>
            <param name="milliseconds">是否使用毫秒</param>
            <returns></returns>
        </member>
        <member name="M:ZhonTai.Common.Extensions.DateTimeExtension.GetWeekName(System.DateTime)">
            <summary>
            获取周几
            </summary>
            <param name="datetime"></param>
            <returns></returns>
        </member>
        <member name="M:ZhonTai.Common.Extensions.GuidExtension.IsNull(System.Guid)">
            <summary>
            判断Guid是否为空
            </summary>
            <param name="s"></param>
            <returns></returns>
        </member>
        <member name="M:ZhonTai.Common.Extensions.GuidExtension.NotNull(System.Guid)">
            <summary>
            判断Guid是否不为空
            </summary>
            <param name="s"></param>
            <returns></returns>
        </member>
        <member name="M:ZhonTai.Common.Extensions.ListExtension.ToTree``1(System.Collections.Generic.List{``0},System.Func{``0,``0,System.Boolean},System.Func{``0,``0,System.Boolean},System.Action{``0,System.Collections.Generic.IEnumerable{``0}},``0)">
            <summary>
            将列表转换为树形结构
            </summary>
            <typeparam name="T">类型</typeparam>
            <param name="list">数据</param>
            <param name="rootWhere">根条件</param>
            <param name="childsWhere">节点条件</param>
            <param name="addChilds">添加子节点</param>
            <param name="entity"></param>
            <returns></returns>
        </member>
        <member name="M:ZhonTai.Common.Extensions.ListExtension.AddListWithChilds``1(System.Collections.Generic.List{``0},System.Func{``0,System.Collections.Generic.List{``0}},``0)">
            <summary>
            添加子级列表到平级列表
            </summary>
            <typeparam name="T">类型</typeparam>
            <param name="list">平级列表</param>
            <param name="getChilds">获得子级列表的方法</param>
            <param name="entity">子级对象</param>
        </member>
        <member name="M:ZhonTai.Common.Extensions.ListExtension.ToPlainList``1(System.Collections.Generic.List{``0},System.Func{``0,System.Collections.Generic.List{``0}},``0)">
            <summary>
            将树形列表转换为平级列表
            tree.ToPlainList((a) => a.Children);
            </summary>
            <typeparam name="T">类型</typeparam>
            <param name="tree">树形列表</param>
            <param name="getChilds">获得子级列表的方法</param>
            <param name="entity">数据对象</param>
            <returns></returns>
        </member>
        <member name="M:ZhonTai.Common.Extensions.ListExtension.Clone``1(System.Collections.Generic.List{``0})">
            <summary>
            深度克隆
            </summary>
            <typeparam name="T">类型</typeparam>
            <param name="list">列表</param>
            <returns></returns>
        </member>
        <member name="T:ZhonTai.Common.Extensions.TypeExtensions">
            <summary>
            类型扩展
            </summary>
        </member>
        <member name="T:ZhonTai.Common.Extensions.UtilConvertExtension">
            <summary>
            数据类型转换
            </summary>
        </member>
        <member name="M:ZhonTai.Common.Extensions.UtilConvertExtension.ToHex(System.Byte[],System.Boolean)">
            <summary>
            转换为16进制
            </summary>
            <param name="bytes"></param>
            <param name="lowerCase">是否小写</param>
            <returns></returns>
        </member>
        <member name="M:ZhonTai.Common.Extensions.UtilConvertExtension.HexToBytes(System.String)">
            <summary>
            16进制转字节数组
            </summary>
            <param name="s"></param>
            <returns></returns>
        </member>
        <member name="M:ZhonTai.Common.Extensions.UtilConvertExtension.ToBase64(System.Byte[])">
            <summary>
            转换为Base64
            </summary>
            <param name="bytes"></param>
            <returns></returns>
        </member>
        <member name="T:ZhonTai.Common.Files.FileInfo">
            <summary>
            文件信息
            </summary>
        </member>
        <member name="M:ZhonTai.Common.Files.FileInfo.#ctor(System.String,System.Int64)">
            <summary>
            初始化文件信息
            </summary>
            <param name="fileName">文件名称</param>
            <param name="size">大小</param>
        </member>
        <member name="P:ZhonTai.Common.Files.FileInfo.UploadPath">
            <summary>
            上传路径
            </summary>
        </member>
        <member name="P:ZhonTai.Common.Files.FileInfo.RequestPath">
            <summary>
            请求路径
            </summary>
        </member>
        <member name="P:ZhonTai.Common.Files.FileInfo.RelativePath">
            <summary>
            相对路径
            </summary>
        </member>
        <member name="P:ZhonTai.Common.Files.FileInfo.FileName">
            <summary>
            文件名
            </summary>
        </member>
        <member name="P:ZhonTai.Common.Files.FileInfo.SaveName">
            <summary>
            保存名
            </summary>
        </member>
        <member name="P:ZhonTai.Common.Files.FileInfo.Size">
            <summary>
            文件大小
            </summary>
        </member>
        <member name="P:ZhonTai.Common.Files.FileInfo.Extension">
            <summary>
            扩展名
            </summary>
        </member>
        <member name="P:ZhonTai.Common.Files.FileInfo.FileDirectory">
            <summary>
            文件目录
            </summary>
        </member>
        <member name="P:ZhonTai.Common.Files.FileInfo.FileRequestPath">
            <summary>
            文件请求路径
            </summary>
        </member>
        <member name="P:ZhonTai.Common.Files.FileInfo.FileRelativePath">
            <summary>
            文件相对路径
            </summary>
        </member>
        <member name="P:ZhonTai.Common.Files.FileInfo.FilePath">
            <summary>
            文件路径
            </summary>
        </member>
        <member name="T:ZhonTai.Common.Files.FileSize">
            <summary>
            文件大小
            </summary>
        </member>
        <member name="M:ZhonTai.Common.Files.FileSize.#ctor(System.Int64,ZhonTai.Common.Files.FileSizeUnit)">
            <summary>
            初始化文件大小
            </summary>
            <param name="size">文件大小</param>
            <param name="unit">文件大小单位</param>
        </member>
        <member name="P:ZhonTai.Common.Files.FileSize.Size">
            <summary>
            文件字节长度
            </summary>
        </member>
        <member name="M:ZhonTai.Common.Files.FileSize.GetSize">
            <summary>
            获取文件大小，单位：字节
            </summary>
        </member>
        <member name="M:ZhonTai.Common.Files.FileSize.GetSizeByK">
            <summary>
            获取文件大小，单位：K
            </summary>
        </member>
        <member name="M:ZhonTai.Common.Files.FileSize.GetSizeByM">
            <summary>
            获取文件大小，单位：M
            </summary>
        </member>
        <member name="M:ZhonTai.Common.Files.FileSize.GetSizeByG">
            <summary>
            获取文件大小，单位：G
            </summary>
        </member>
        <member name="M:ZhonTai.Common.Files.FileSize.ToString">
            <summary>
            输出描述
            </summary>
        </member>
        <member name="T:ZhonTai.Common.Files.FileSizeUnit">
            <summary>
            文件大小单位
            </summary>
        </member>
        <member name="F:ZhonTai.Common.Files.FileSizeUnit.Byte">
            <summary>
            字节
            </summary>
        </member>
        <member name="F:ZhonTai.Common.Files.FileSizeUnit.K">
            <summary>
            K字节
            </summary>
        </member>
        <member name="F:ZhonTai.Common.Files.FileSizeUnit.M">
            <summary>
            M字节
            </summary>
        </member>
        <member name="F:ZhonTai.Common.Files.FileSizeUnit.G">
            <summary>
            G字节
            </summary>
        </member>
        <member name="T:ZhonTai.Common.Helpers.AssemblyHelper">
            <summary>
            程序集帮助类
            </summary>
        </member>
        <member name="M:ZhonTai.Common.Helpers.AssemblyHelper.GetAssemblyList(System.String[])">
            <summary>
            根据程序集名称列表获取程序集列表
            </summary>
            <param name="assemblyNames"></param>
            <returns></returns>
        </member>
        <member name="T:ZhonTai.Common.Helpers.ConfigHelper">
            <summary>
            配置帮助类
            </summary>
        </member>
        <member name="M:ZhonTai.Common.Helpers.ConfigHelper.Load(System.String,System.String,System.Boolean,System.Boolean)">
            <summary>
            加载配置文件
            </summary>
            <param name="fileName">文件名称</param>
            <param name="environmentName">环境名称</param>
            <param name="optional">可选</param>
            <param name="reloadOnChange">自动更新</param>
            <returns></returns>
        </member>
        <member name="M:ZhonTai.Common.Helpers.ConfigHelper.Get``1(System.String,System.String,System.Boolean,System.Boolean)">
            <summary>
            获得配置信息
            </summary>
            <typeparam name="T">配置信息</typeparam>
            <param name="fileName">文件名称</param>
            <param name="environmentName">环境名称</param>
            <param name="optional">可选</param>
            <param name="reloadOnChange">自动更新</param>
            <returns></returns>
        </member>
        <member name="M:ZhonTai.Common.Helpers.ConfigHelper.Bind(System.String,System.Object,System.String,System.Boolean,System.Boolean)">
            <summary>
            绑定实例配置信息
            </summary>
            <param name="fileName">文件名称</param>
            <param name="instance">实例配置</param>
            <param name="environmentName">环境名称</param>
            <param name="optional">可选</param>
            <param name="reloadOnChange">自动更新</param>
        </member>
        <member name="M:ZhonTai.Common.Helpers.ConsoleHelper.WriteErrorLine(System.String,System.ConsoleColor)">
            <summary>
            打印错误信息
            </summary>
            <param name="str">待打印的字符串</param>
            <param name="color">想要打印的颜色</param>
        </member>
        <member name="M:ZhonTai.Common.Helpers.ConsoleHelper.WriteWarningLine(System.String,System.ConsoleColor)">
            <summary>
            打印警告信息
            </summary>
            <param name="str">待打印的字符串</param>
            <param name="color">想要打印的颜色</param>
        </member>
        <member name="M:ZhonTai.Common.Helpers.ConsoleHelper.WriteInfoLine(System.String,System.ConsoleColor)">
            <summary>
            打印正常信息
            </summary>
            <param name="str">待打印的字符串</param>
            <param name="color">想要打印的颜色</param>
        </member>
        <member name="M:ZhonTai.Common.Helpers.ConsoleHelper.WriteSuccessLine(System.String,System.ConsoleColor)">
            <summary>
            打印成功的信息
            </summary>
            <param name="str">待打印的字符串</param>
            <param name="color">想要打印的颜色</param>
        </member>
        <member name="T:ZhonTai.Common.Helpers.DataMaskHelper">
            <summary>
            数据脱敏
            </summary>
        </member>
        <member name="M:ZhonTai.Common.Helpers.DataMaskHelper.PhoneMask(System.String,System.String)">
            <summary>
            手机号脱敏
            </summary>
            <param name="input"></param>
            <param name="mask"></param>
            <returns></returns>
        </member>
        <member name="M:ZhonTai.Common.Helpers.DataMaskHelper.EmailMask(System.String,System.String)">
            <summary>
            邮箱脱敏
            </summary>
            <param name="input"></param>
            <param name="mask"></param>
            <returns></returns>
        </member>
        <member name="M:ZhonTai.Common.Helpers.DataMaskHelper.IPMask(System.String,System.String)">
            <summary>
            IP脱敏
            </summary>
            <param name="input"></param>
            <param name="mask"></param>
            <returns></returns>
        </member>
        <member name="T:ZhonTai.Common.Helpers.DesEncrypt">
            <summary>
            Des加解密
            </summary>
        </member>
        <member name="M:ZhonTai.Common.Helpers.DesEncrypt.Encrypt(System.String,System.String)">
            <summary>
            DES+Base64加密
            <para>采用ECB、PKCS7</para>
            </summary>
            <param name="encryptString">加密字符串</param>
            <param name="key">秘钥</param>
            <returns></returns>
        </member>
        <member name="M:ZhonTai.Common.Helpers.DesEncrypt.Decrypt(System.String,System.String)">
            <summary>
            DES+Base64解密
            <para>采用ECB、PKCS7</para>
            </summary>
            <param name="decryptString">解密字符串</param>
            <param name="key">秘钥</param>
            <returns></returns>
        </member>
        <member name="M:ZhonTai.Common.Helpers.DesEncrypt.Encrypt4Hex(System.String,System.String,System.Boolean)">
            <summary>
            DES+16进制加密
            <para>采用ECB、PKCS7</para>
            </summary>
            <param name="encryptString">加密字符串</param>
            <param name="key">秘钥</param>
            <param name="lowerCase">是否小写</param>
            <returns></returns>
        </member>
        <member name="M:ZhonTai.Common.Helpers.DesEncrypt.Decrypt4Hex(System.String,System.String)">
            <summary>
            DES+16进制解密
            <para>采用ECB、PKCS7</para>
            </summary>
            <param name="decryptString">解密字符串</param>
            <param name="key">秘钥</param>
            <returns></returns>
        </member>
        <member name="M:ZhonTai.Common.Helpers.DesEncrypt.Encrypt(System.String,System.String,System.Boolean,System.Boolean)">
            <summary>
            DES加密
            </summary>
            <param name="encryptString"></param>
            <param name="key"></param>
            <param name="hex"></param>
            <param name="lowerCase"></param>
            <returns></returns>
        </member>
        <member name="M:ZhonTai.Common.Helpers.DesEncrypt.Decrypt(System.String,System.String,System.Boolean)">
            <summary>
            DES解密
            </summary>
            <param name="decryptString"></param>
            <param name="key"></param>
            <param name="hex"></param>
            <returns></returns>
        </member>
        <member name="T:ZhonTai.Common.Helpers.EntityHelper">
            <summary>
            实体帮助类
            </summary>
        </member>
        <member name="M:ZhonTai.Common.Helpers.FileHelper.WriteFile(System.String,System.String)">
            <summary>
            写文件
            </summary>
            <param name="Path">文件路径</param>
            <param name="Strings">文件内容</param>
        </member>
        <member name="M:ZhonTai.Common.Helpers.FileHelper.WriteFile(System.String,System.String,System.Text.Encoding)">
            <summary>
            写文件
            </summary>
            <param name="Path">文件路径</param>
            <param name="Strings">文件内容</param>
            <param name="encode">编码格式</param>
        </member>
        <member name="M:ZhonTai.Common.Helpers.FileHelper.ReadFile(System.String)">
            <summary>
            读文件
            </summary>
            <param name="Path">文件路径</param>
            <returns></returns>
        </member>
        <member name="M:ZhonTai.Common.Helpers.FileHelper.ReadFile(System.String,System.Text.Encoding)">
            <summary>
            读文件
            </summary>
            <param name="Path">文件路径</param>
            <param name="encode">编码格式</param>
            <returns></returns>
        </member>
        <member name="T:ZhonTai.Common.Helpers.InterfaceHelper">
            <summary>
            接口帮助类
            </summary>
        </member>
        <member name="M:ZhonTai.Common.Helpers.IPHelper.IsIP(System.String)">
            <summary>
            是否为ip
            </summary>
            <param name="ip"></param>
            <returns></returns>
        </member>
        <member name="M:ZhonTai.Common.Helpers.IPHelper.GetIP(Microsoft.AspNetCore.Http.HttpRequest)">
            <summary>
            获得IP地址
            </summary>
            <param name="request"></param>
            <returns></returns>
        </member>
        <member name="T:ZhonTai.Common.Helpers.JsonHelper">
            <summary>
            Json帮助类
            </summary>
        </member>
        <member name="M:ZhonTai.Common.Helpers.JsonHelper.Serialize``1(``0)">
            <summary>
            序列化
            </summary>
            <typeparam name="T"></typeparam>
            <param name="obj"></param>
            <returns></returns>
        </member>
        <member name="M:ZhonTai.Common.Helpers.JsonHelper.Deserialize``1(System.String)">
            <summary>
            反序列化
            </summary>
            <typeparam name="T"></typeparam>
            <param name="json"></param>
            <returns></returns>
        </member>
        <member name="M:ZhonTai.Common.Helpers.JsonHelper.Deserialize(System.String,System.Type)">
            <summary>
            反序列化
            </summary>
            <param name="json">json文本</param>
            <param name="type">类型</param>
            <returns></returns>
        </member>
        <member name="T:ZhonTai.Common.Helpers.MD5Encrypt">
            <summary>
            MD5加密
            </summary>
        </member>
        <member name="M:ZhonTai.Common.Helpers.MD5Encrypt.Encrypt16(System.String,System.Boolean)">
            <summary>
            16位MD5加密
            </summary>
            <param name="password"></param>
            <param name="lowerCase"></param>
            <returns></returns>
        </member>
        <member name="M:ZhonTai.Common.Helpers.MD5Encrypt.Encrypt32(System.String,System.Boolean)">
            <summary>
            32位MD5加密
            </summary>
            <param name="password"></param>
            <param name="lowerCase"></param>
            <returns></returns>
        </member>
        <member name="M:ZhonTai.Common.Helpers.MD5Encrypt.Encrypt64(System.String)">
            <summary>
            64位MD5加密
            </summary>
            <param name="password"></param>
            <returns></returns>
        </member>
        <member name="T:ZhonTai.Common.Helpers.PasswordHelper">
            <summary>
            密码帮助类
            </summary>
        </member>
        <member name="M:ZhonTai.Common.Helpers.PasswordHelper.Verify(System.String)">
            <summary>  
            验证密码是否符合要求  
            </summary>  
            <param name="input"></param>  
            <returns></returns>  
        </member>
        <member name="T:ZhonTai.Common.Helpers.SM2Encryption">
            <summary>
            加密工具类，提供基于SM2算法的加密和解密功能。  
            </summary>
        </member>
        <member name="F:ZhonTai.Common.Helpers.SM2Encryption.CurveParams">
            <summary>
            获取SM2曲线参数
            </summary>
        </member>
        <member name="F:ZhonTai.Common.Helpers.SM2Encryption.secureRandom">
            <summary>
            随机数
            </summary>
        </member>
        <member name="M:ZhonTai.Common.Helpers.SM2Encryption.GenerateSM2KeyPair(System.String@,System.String@)">
            <summary>  
            生成SM2密钥对，密钥对使用Base64进行编码  
            </summary>  
            <param name="privateKey">输出的私钥（Base64编码）</param>  
            <param name="publicKey">输出的公钥（Base64编码）</param>  
        </member>
        <member name="M:ZhonTai.Common.Helpers.SM2Encryption.Encrypt(System.String,System.String)">
            <summary>  
            SM2 公钥加密  
            </summary>  
            <param name="message">待加密的消息</param>  
            <param name="publicKey">SM2公钥（Base64编码）</param>  
            <returns>加密后的密文（Base64编码）</returns>  
        </member>
        <member name="M:ZhonTai.Common.Helpers.SM2Encryption.Decrypt(System.String,System.String)">
            <summary>  
            使用SM2私钥解密消息  
            </summary>  
            <param name="ciphertext">待解密的密文（Base64编码）</param>  
            <param name="privateKey">SM2私钥（Base64编码）</param>  
            <returns>解密后的明文</returns>  
        </member>
        <member name="T:ZhonTai.Common.Helpers.SM3Encryption">
            <summary>
            提供基于SM3算法的哈希计算和HMAC功能。
            </summary>
        </member>
        <member name="M:ZhonTai.Common.Helpers.SM3Encryption.ComputeSM3Hash(System.String)">
            <summary>
            计算给定数据的SM3哈希值（二进制表示）。
            </summary>
            <param name="data">要计算哈希的数据（字符串形式）。</param>
            <returns>SM3哈希值的二进制数组。</returns>
        </member>
        <member name="M:ZhonTai.Common.Helpers.SM3Encryption.ComputeSM3HashHex(System.String)">
            <summary>
            计算给定数据的SM3哈希值（十六进制表示）。
            </summary>
            <param name="data">要计算哈希的数据（字符串形式）。</param>
            <returns>SM3哈希值的十六进制字符串。</returns>
        </member>
        <member name="M:ZhonTai.Common.Helpers.SM3Encryption.ComputeSM3HashBase64(System.String)">
            <summary>
            计算给定数据的SM3哈希值（十六进制表示）。
            </summary>
            <param name="data">要计算哈希的数据（字符串形式）。</param>
            <returns>SM3哈希值的十六进制字符串。</returns>
        </member>
        <member name="M:ZhonTai.Common.Helpers.SM3Encryption.ComputeHMacSM3(System.String,System.String)">
            <summary>
            计算给定数据和密钥的HMAC-SM3值（二进制表示）。
            </summary>
            <param name="data">要计算HMAC的数据（字符串形式）。</param>
            <param name="key">HMAC密钥（字符串形式）。</param>
            <returns>HMAC-SM3值的二进制数组。</returns>
        </member>
        <member name="M:ZhonTai.Common.Helpers.SM3Encryption.ComputeHMACSM3Hex(System.String,System.String)">
            <summary>
            计算给定数据和密钥的HMAC-SM3值（十六进制表示）。
            </summary>
            <param name="data">要计算HMAC的数据（字符串形式）。</param>
            <param name="key">HMAC密钥（字符串形式）。</param>
            <returns>HMAC-SM3值的十六进制字符串。</returns>
        </member>
        <member name="M:ZhonTai.Common.Helpers.SM3Encryption.ComputeHMACSM3Base64(System.String,System.String)">
            <summary>
            计算给定数据和密钥的HMAC-SM3值（Base64表示）。
            </summary>
            <param name="data">要计算HMAC的数据（字符串形式）。</param>
            <param name="key">HMAC密钥（字符串形式）。</param>
            <returns>HMAC-SM3值的Base64字符串。</returns>
        </member>
        <member name="T:ZhonTai.Common.Helpers.SM4Encryption">
            <summary>  
            加密工具类，提供基于SM4算法的加密和解密功能。  
            </summary>  
        </member>
        <member name="M:ZhonTai.Common.Helpers.SM4Encryption.Encrypt(System.String,System.String,System.String,System.String,System.Boolean)">
            <summary>  
            使用SM4算法对指定明文进行加密。  
            </summary>  
            <param name="msg">待加密的明文。</param>  
            <param name="key">用于加密的密钥。</param>  
            <param name="iv">初始化向量，对于ECB模式可以传递null。</param>  
            <param name="mode">加密模式，默认为"ECB"。</param>  
            <param name="isHex">是否返回十六进制格式的密文，默认为false（返回Base64格式）。</param>  
            <returns>加密后的密文，格式为十六进制或Base64。</returns>  
            <exception cref="T:System.ArgumentNullException">当msg或key为空时抛出。</exception>  
            <exception cref="T:System.ArgumentException">当mode不被支持时抛出。</exception>  
            <exception cref="T:System.Security.Cryptography.CryptographicException">当加密过程中发生错误时抛出。</exception>  
        </member>
        <member name="M:ZhonTai.Common.Helpers.SM4Encryption.Decrypt(System.String,System.String,System.String,System.String,System.Boolean)">
            <summary>  
            使用SM4算法对指定密文进行解密。  
            </summary>  
            <param name="encryptMsg">待解密的密文，可以是十六进制或Base64格式。</param>  
            <param name="key">用于解密的密钥。</param>  
            <param name="iv">初始化向量，对于ECB模式可以传递null。</param>  
            <param name="mode">加密模式，用于确定解密时使用的模式，默认为"ECB"。</param>  
            <param name="isHex">是否输入密文是十六进制格式，默认为false（表示Base64格式）。</param>  
            <returns>解密后的明文。</returns>  
            <exception cref="T:System.ArgumentNullException">当key或encryptMsg为空时抛出。</exception>  
            <exception cref="T:System.ArgumentException">当mode不被支持或iv对于非ECB模式为空时抛出。</exception>  
            <exception cref="T:System.Security.Cryptography.CryptographicException">当解密过程中发生错误时抛出。</exception>  
        </member>
        <member name="M:ZhonTai.Common.Helpers.SM4Encryption.Encrypt(System.String,System.Byte[],System.Byte[],System.String,System.Boolean)">
            <summary>  
            使用SM4算法对指定明文进行加密。  
            </summary>  
            <param name="msg">待加密的明文。</param>  
            <param name="key">用于加密的密钥（字节数组形式）。</param>  
            <param name="iv">初始化向量（字节数组形式），对于ECB模式可以传递null。</param>  
            <param name="mode">加密模式，默认为"ECB"。</param>  
            <param name="isHex">是否返回十六进制格式的密文，默认为false（返回Base64格式）。</param>  
            <returns>加密后的密文，格式为十六进制或Base64。</returns>  
            <exception cref="T:System.ArgumentNullException">当msg或key为空时抛出。</exception>  
            <exception cref="T:System.ArgumentException">当mode不被支持时抛出。</exception>  
            <exception cref="T:System.Security.Cryptography.CryptographicException">当加密过程中发生错误时抛出。</exception>  
        </member>
        <member name="M:ZhonTai.Common.Helpers.SM4Encryption.Decrypt(System.String,System.Byte[],System.Byte[],System.String,System.Boolean)">
            <summary>  
            使用SM4算法对指定密文进行解密。  
            </summary>  
            <param name="encryptMsg">待解密的密文，可以是十六进制或Base64格式。</param>  
            <param name="key">用于解密的密钥（字节数组形式）。</param>  
            <param name="iv">初始化向量（字节数组形式），对于ECB模式可以传递null。</param>  
            <param name="mode">加密模式，用于确定解密时使用的模式，默认为"ECB"。</param>  
            <param name="isHex">是否输入密文是十六进制格式，默认为false（表示Base64格式）。</param>  
            <returns>解密后的明文。</returns>  
            <exception cref="T:System.ArgumentNullException">当key或encryptMsg为空时抛出。</exception>  
            <exception cref="T:System.ArgumentException">当mode不被支持或iv对于非ECB模式为空时抛出。</exception>  
            <exception cref="T:System.Security.Cryptography.CryptographicException">当解密过程中发生错误时抛出。</exception>  
        </member>
        <member name="T:ZhonTai.Common.Helpers.StringHelper">
            <summary>
            字符串帮助类
            </summary>
        </member>
        <member name="M:ZhonTai.Common.Helpers.StringHelper.GenerateRandom(System.Int32)">
            <summary>
            生成随机字符串，默认32位
            </summary>
            <param name="length">随机数长度</param>
            <returns></returns>
        </member>
        <member name="M:ZhonTai.Common.Helpers.StringHelper.GenerateRandomNumber(System.Int32)">
            <summary>
            生成随机6位数
            </summary>
            <param name="length"></param>
            <returns></returns>
        </member>
        <member name="T:ZhonTai.Common.Helpers.SummaryHelper">
            <summary>
            文档说明帮助类
            </summary>
        </member>
        <member name="M:ZhonTai.Common.Helpers.SummaryHelper.GetEnumSummaryList(System.Type)">
            <summary>
            获得枚举类型说明列表
            </summary>
            <param name="type"></param>
            <returns></returns>
        </member>
        <member name="M:ZhonTai.Common.Helpers.UnicodeHelper.StringToUnicode(System.String)">
            <summary>
            字符串转Unicode码
            </summary>
            <returns>The to unicode.</returns>
            <param name="value">Value.</param>
        </member>
        <member name="M:ZhonTai.Common.Helpers.UnicodeHelper.UnicodeToString(System.String)">
            <summary>
            Unicode转字符串
            </summary>
            <returns>The to string.</returns>
            <param name="unicode">Unicode.</param>
        </member>
        <member name="M:ZhonTai.StringExtension.IsNull(System.String)">
            <summary>
            判断字符串是否为Null、空
            </summary>
            <param name="s"></param>
            <returns></returns>
        </member>
        <member name="M:ZhonTai.StringExtension.NotNull(System.String)">
            <summary>
            判断字符串是否不为Null、空
            </summary>
            <param name="s"></param>
            <returns></returns>
        </member>
        <member name="M:ZhonTai.StringExtension.EqualsIgnoreCase(System.String,System.String)">
            <summary>
            与字符串进行比较，忽略大小写
            </summary>
            <param name="s"></param>
            <param name="value"></param>
            <returns></returns>
        </member>
        <member name="M:ZhonTai.StringExtension.FirstCharToLower(System.String)">
            <summary>
            首字母转小写
            </summary>
            <param name="s"></param>
            <returns></returns>
        </member>
        <member name="M:ZhonTai.StringExtension.FirstCharToUpper(System.String)">
            <summary>
            首字母转大写
            </summary>
            <param name="s"></param>
            <returns></returns>
        </member>
        <member name="M:ZhonTai.StringExtension.ToBase64(System.String)">
            <summary>
            转为Base64，UTF-8格式
            </summary>
            <param name="s"></param>
            <returns></returns>
        </member>
        <member name="M:ZhonTai.StringExtension.ToBase64(System.String,System.Text.Encoding)">
            <summary>
            转为Base64
            </summary>
            <param name="s"></param>
            <param name="encoding">编码</param>
            <returns></returns>
        </member>
    </members>
</doc>
