<?xml version="1.0"?>
<doc>
    <assembly>
        <name>ZhonTai.DynamicApi</name>
    </assembly>
    <members>
        <member name="T:ZhonTai.DynamicApi.AssemblyDynamicApiOptions">
            <summary>
            Specifies the dynamic webapi options for the assembly.
            </summary>
        </member>
        <member name="P:ZhonTai.DynamicApi.AssemblyDynamicApiOptions.ApiPrefix">
            <summary>
            Routing prefix for all APIs
            <para></para>
            Default value is null.
            </summary>
        </member>
        <member name="P:ZhonTai.DynamicApi.AssemblyDynamicApiOptions.HttpVerb">
            <summary>
            API HTTP Verb.
            <para></para>
            Default value is null.
            </summary>
        </member>
        <member name="M:ZhonTai.DynamicApi.AssemblyDynamicApiOptions.#ctor(System.String,System.String)">
            <summary>
            
            </summary>
            <param name="apiPrefix">Routing prefix for all APIs</param>
            <param name="httpVerb">API HTTP Verb.</param>
        </member>
        <member name="P:ZhonTai.DynamicApi.Attributes.DynamicApiAttribute.Area">
            <summary>
            Equivalent to AreaName
            </summary>
        </member>
        <member name="P:ZhonTai.DynamicApi.Attributes.DynamicApiAttribute.GroupNames">
            <summary>
            分组名称列表
            </summary>
        </member>
        <member name="T:ZhonTai.DynamicApi.Attributes.NonFormatResultAttribute">
            <summary>
            不格式化结果数据
            </summary>
        </member>
        <member name="P:ZhonTai.DynamicApi.Attributes.OrderAttribute.Value">
            <summary>
            排序值
            </summary>
        </member>
        <member name="M:ZhonTai.DynamicApi.Attributes.OrderAttribute.#ctor(System.Int32)">
            <summary>
            排序设置
            </summary>
            <param name="value">排序值</param>
        </member>
        <member name="M:ZhonTai.DynamicApi.DynamicApiConvention.CheckNoMapMethod(Microsoft.AspNetCore.Mvc.ApplicationModels.ActionModel)">
            <summary>
            //不映射指定的方法
            </summary>
            <param name="action"></param>
            <returns></returns>
        </member>
        <member name="M:ZhonTai.DynamicApi.DynamicApiConvention.CheckNoFormatResultMethod(Microsoft.AspNetCore.Mvc.ApplicationModels.ActionModel)">
            <summary>
            不格式化结果数据
            </summary>
            <param name="action"></param>
            <returns></returns>
        </member>
        <member name="M:ZhonTai.DynamicApi.DynamicApiConvention.GetRestFulActionName(System.String)">
            <summary>
            Processing action name
            </summary>
            <param name="actionName"></param>
            <returns></returns>
        </member>
        <member name="P:ZhonTai.DynamicApi.DynamicApiOptions.DefaultHttpVerb">
            <summary>
            API HTTP Verb.
            <para></para>
            Default value is "POST".
            </summary>
        </member>
        <member name="P:ZhonTai.DynamicApi.DynamicApiOptions.DefaultApiPrefix">
            <summary>
            Routing prefix for all APIs
            <para></para>
            Default value is "api".
            </summary>
        </member>
        <member name="P:ZhonTai.DynamicApi.DynamicApiOptions.RemoveControllerPostfixes">
            <summary>
            Remove the dynamic API class(Controller) name postfix.
            <para></para>
            Default value is {"AppService", "ApplicationService"}.
            </summary>
        </member>
        <member name="P:ZhonTai.DynamicApi.DynamicApiOptions.RemoveActionPostfixes">
            <summary>
            Remove the dynamic API class's method(Action) postfix.
            <para></para>
            Default value is {"Async"}.
            </summary>
        </member>
        <member name="P:ZhonTai.DynamicApi.DynamicApiOptions.FormBodyBindingIgnoredTypes">
            <summary>
            Ignore MVC Form Binding types.
            </summary>
        </member>
        <member name="P:ZhonTai.DynamicApi.DynamicApiOptions.NamingConvention">
            <summary>
            Naming convention
            </summary>
        </member>
        <member name="P:ZhonTai.DynamicApi.DynamicApiOptions.GetRestFulActionName">
            <summary>
            The method that processing the name of the action.
            </summary>
        </member>
        <member name="P:ZhonTai.DynamicApi.DynamicApiOptions.GetRestFulControllerName">
            <summary>
            The method that processing the name of the controller.
            </summary>
        </member>
        <member name="P:ZhonTai.DynamicApi.DynamicApiOptions.AssemblyDynamicApiOptions">
            <summary>
            Specifies the dynamic webapi options for the assembly.
            </summary>
        </member>
        <member name="M:ZhonTai.DynamicApi.DynamicApiOptions.Valid">
            <summary>
            Verify that all configurations are valid
            </summary>
        </member>
        <member name="M:ZhonTai.DynamicApi.DynamicApiOptions.AddAssemblyOptions(System.Reflection.Assembly,System.String,System.String)">
            <summary>
            Add the dynamic webapi options for the assembly.
            </summary>
            <param name="assembly"></param>
            <param name="apiPreFix"></param>
            <param name="httpVerb"></param>
        </member>
        <member name="M:ZhonTai.DynamicApi.DynamicApiOptions.AddAssemblyOptions(System.Reflection.Assembly[],System.String,System.String)">
            <summary>
            Add the dynamic webapi options for the assemblies.
            </summary>
            <param name="assemblies"></param>
            <param name="apiPreFix"></param>
            <param name="httpVerb"></param>
        </member>
        <member name="T:ZhonTai.DynamicApi.DynamicApiServiceExtensions">
            <summary>
            Add Dynamic WebApi
            </summary>
        </member>
        <member name="M:ZhonTai.DynamicApi.DynamicApiServiceExtensions.UseDynamicApi(Microsoft.AspNetCore.Builder.IApplicationBuilder,System.Action{System.IServiceProvider,ZhonTai.DynamicApi.DynamicApiOptions})">
            <summary>
            Use Dynamic WebApi to Configure
            </summary>
            <param name="application"></param>
            <param name="optionsAction"></param>
            <returns></returns>
        </member>
        <member name="M:ZhonTai.DynamicApi.DynamicApiServiceExtensions.AddDynamicApi(Microsoft.Extensions.DependencyInjection.IServiceCollection,ZhonTai.DynamicApi.DynamicApiOptions)">
            <summary>
            Add Dynamic WebApi to Container
            </summary>
            <param name="services"></param>
            <param name="options">configuration</param>
            <returns></returns>
        </member>
        <member name="F:ZhonTai.DynamicApi.Enums.NamingConventionEnum.CamelCase">
            <summary>
            camelCase
            </summary>
        </member>
        <member name="F:ZhonTai.DynamicApi.Enums.NamingConventionEnum.PascalCase">
            <summary>
            PascalCase
            </summary>
        </member>
        <member name="F:ZhonTai.DynamicApi.Enums.NamingConventionEnum.SnakeCase">
            <summary>
            snake_case
            </summary>
        </member>
        <member name="F:ZhonTai.DynamicApi.Enums.NamingConventionEnum.KebabCase">
            <summary>
            kebab-case
            </summary>
        </member>
        <member name="F:ZhonTai.DynamicApi.Enums.NamingConventionEnum.ExtensionCase">
            <summary>
            extension.case
            </summary>
        </member>
        <member name="F:ZhonTai.DynamicApi.Enums.NamingConventionEnum.Custom">
            <summary>
            Customize with GetRestFulControllerName and GetRestFulActionName method 
            </summary>
        </member>
        <member name="M:ZhonTai.DynamicApi.Helpers.ReflectionHelper.GetSingleAttributeOrNull``1(System.Reflection.MemberInfo,System.Boolean)">
            <summary>
            Gets a single attribute for a member.
            </summary>
            <typeparam name="TAttribute">Type of the attribute</typeparam>
            <param name="memberInfo">The member that will be checked for the attribute</param>
            <param name="inherit">Include inherited attributes</param>
            <returns>Returns the attribute object if found. Returns null if not found.</returns>
        </member>
        <member name="P:ZhonTai.DynamicApi.ResponseResult`1.Success">
            <summary>
            是否成功标记
            </summary>
        </member>
        <member name="P:ZhonTai.DynamicApi.ResponseResult`1.Code">
            <summary>
            编码
            </summary>
        </member>
        <member name="P:ZhonTai.DynamicApi.ResponseResult`1.Msg">
            <summary>
            消息
            </summary>
        </member>
        <member name="P:ZhonTai.DynamicApi.ResponseResult`1.Data">
            <summary>
            数据
            </summary>
        </member>
    </members>
</doc>
