{
  "接口不存在": "API does not exist",
  "未登录": "Not logged in",
  "请完成安全验证": "Please complete security verification",
  "安全{0}，请重新登录": "Security {0}, please log in again",
  "解密失败": "Decryption failed",
  "账号或密码错误": "Incorrect account or password",
  "账号已停用，禁止登录": "Account has been deactivated, login prohibited",
  "企业已停用，禁止登录": "Enterprise has been deactivated, login prohibited",
  "验证码错误": "Verification code is incorrect",
  "账号不存在": "Account does not exist",
  "无法解析token": "Unable to parse token",
  "登录信息已过期": "Login information has expired",
  "验签失败": "Signature verification failed",
  "数据字典列表{0}.xlsx": "Data dictionary list {0}.xlsx",
  "字典已存在": "Dictionary already exists",
  "字典编码已存在": "Dictionary code already exists",
  "字典不存在": "Dictionary does not exist",
  "字典类型已存在": "Dictionary type already exists",
  "字典类型编码已存在": "Dictionary type code already exists",
  "字典类型不存在": "Dictionary type does not exist",
  "不允许上传{0}文件格式": "File format {0} is not allowed for upload",
  "文件大小不能超过{0}": "File size cannot exceed {0}",
  "请配置{0}的Url参数": "Please configure the URL parameter for {0}",
  "权限点不存在": "Permission point does not exist",
  "该角色不存在或已被删除": "The role does not exist or has been deleted",
  "此套餐名已存在": "This package name already exists",
  "此套餐编码已存在": "This package code already exists",
  "套餐不存在": "Package does not exist",
  "此地区名已存在": "This region name already exists",
  "此地区代码已存在": "This region code already exists",
  "地区不存在": "Region does not exist",
  "角色不存在": "Role does not exist",
  "此{0}已存在": "This {0} already exists",
  "此{0}编码已存在": "This {0} code already exists",
  "任务不存在": "Task does not exist",
  "请输入定时参数": "Please enter scheduling parameters",
  "请选择任务": "Please select a task",
  "企业名称已存在": "Enterprise name already exists",
  "企业编码已存在": "Enterprise code already exists",
  "企业账号已存在": "Enterprise account already exists",
  "企业手机号已存在": "Enterprise phone number already exists",
  "企业邮箱已存在": "Enterprise email already exists",
  "租户不存在": "Tenant does not exist",
  "平台租户禁止删除": "Platform tenant deletion is prohibited",
  "平台租户禁止禁用": "Platform tenant deactivation is prohibited",
  "用户不存在": "User does not exist",
  "账号已存在": "Account already exists",
  "手机号已存在": "Phone number already exists",
  "邮箱已存在": "Email already exists",
  "直属主管不能是自己": "Direct supervisor cannot be yourself",
  "新密码和确认密码不一致": "New password and confirmation password do not match",
  "旧密码不正确": "Old password is incorrect",
  "平台管理员禁止禁用": "Platform administrator deactivation is prohibited",
  "企业管理员禁止禁用": "Enterprise administrator deactivation is prohibited",
  "平台管理员禁止删除": "Platform administrator deletion is prohibited",
  "企业管理员禁止删除": "Enterprise administrator deletion is prohibited",
  "请选择用户": "Please select a user",
  "视图不存在": "View does not exist",
  "请选择上级部门": "Please select the superior department",
  "此部门已存在": "This department already exists",
  "此部门编码已存在": "The department code already exists",
  "部门不存在": "Department does not exist",
  "上级部门不能是本部门": "The superior department cannot be the same as the current department",
  "上级部门不能是下级部门": "The superior department cannot be a subordinate department",
  "当前部门有员工无法删除": "The current department has employees and cannot be deleted",
  "本部门的下级部门有员工无法删除": "The subordinate departments of this department have employees and cannot be deleted",
  "请选择接口": "Please select an interface",
  "账号不能为空": "Account cannot be empty",
  "密码不能为空": "Password cannot be empty",
  "请输入手机号": "Please enter your mobile number",
  "请输入验证码": "Please enter the verification code",
  "请获取验证码": "Please request a verification code",
  "请选择字典类型": "Please select a dictionary type",
  "请输入字典名称": "Please enter a dictionary name",
  "请输入字典类型名称": "Please enter a dictionary type name",
  "请选择数据字典类型": "Please select a data dictionary type",
  "请选择文件": "Please select a file",
  "请输入收件人": "Please enter the recipient",
  "请输入邮件标题": "Please enter the email subject",
  "请输入邮件内容": "Please enter the email content",
  "请选择部门": "Please select a department",
  "角色不能为空": "Role cannot be empty",
  "权限不能为空": "Permissions cannot be empty",
  "租户不能为空": "Tenant cannot be empty",
  "请选择权限点": "Please select a permission point",
  "请选择分组": "Please select a group",
  "请选择菜单": "Please select a menu",
  "请选择套餐": "Please select a package",
  "套餐不能为空": "Package cannot be empty",
  "请选择地区": "Please select a region",
  "请选择角色": "Please select a role",
  "请输入企业名称": "Please enter the enterprise name",
  "请输入编码": "Please enter the code",
  "请输入姓名": "Please enter your name",
  "请输入账号": "Please enter your account",
  "请选择视图": "Please select a view",
  "请输入密码": "Please enter your password",
  "请输入旧密码": "Please enter your old password",
  "请输入新密码": "Please enter your new password",
  "请输入确认新密码": "Please re-enter your new password for confirmation",
  "请选择会员": "Please select a member",
  "权限点编码不能为空": "The permission point code cannot be empty",
  "权限点编码列表不能为空": "The permission point code list cannot be empty"
}