[
  {
    "id": 187395320434757,
    "name": "性别",
    "code": "sex",
    "description": "",
    "enabled": true,
    "sort": 1,
    "isDeleted": false,
    "createdUserId": 161223411986501,
    "createdUserName": "admin",
    "createdUserRealName": "管理员",
    "createdTime": "2023-06-13T16:23:05",
    "modifiedUserId": 161223411986501,
    "modifiedUserName": "admin",
    "modifiedUserRealName": "管理员",
    "modifiedTime": "2024-01-31T18:09:02"
  },
  {
    "id": 562908549103685,
    "name": "分类",
    "code": "fenlei",
    "description": null,
    "enabled": true,
    "sort": 3,
    "isDeleted": false,
    "createdUserId": 161223411986501,
    "createdUserName": "admin",
    "createdUserRealName": "管理员",
    "createdTime": "2024-06-29T01:00:46",
    "modifiedUserId": null,
    "modifiedUserName": null,
    "modifiedUserRealName": null,
    "modifiedTime": null
  }
]