[
  {
    "id": 187395320303685,
    "dictTypeId": 187395320434757,
    "name": "男",
    "code": "male",
    "value": "1",
    "description": "",
    "enabled": true,
    "sort": 1,
    "isDeleted": false,
    "createdUserId": 161223411986501,
    "createdUserName": "admin",
    "createdUserRealName": "管理员",
    "createdTime": "2023-06-13T16:23:05",
    "modifiedUserId": 161223411986501,
    "modifiedUserName": "admin",
    "modifiedUserRealName": "管理员",
    "modifiedTime": "2024-01-31T18:09:02"
  },
  {
    "id": 187395320369221,
    "dictTypeId": 187395320434757,
    "name": "女",
    "code": "female",
    "value": "2",
    "description": "",
    "enabled": true,
    "sort": 2,
    "isDeleted": false,
    "createdUserId": 161223411986501,
    "createdUserName": "admin",
    "createdUserRealName": "管理员",
    "createdTime": "2023-06-13T16:23:05",
    "modifiedUserId": 161223411986501,
    "modifiedUserName": "admin",
    "modifiedUserRealName": "管理员",
    "modifiedTime": "2024-01-31T18:09:02"
  },
  {
    "id": 562908605210693,
    "dictTypeId": 562908549103685,
    "name": "分类1",
    "code": "f1",
    "value": "1",
    "description": null,
    "enabled": true,
    "sort": 1,
    "isDeleted": false,
    "createdUserId": 161223411986501,
    "createdUserName": "admin",
    "createdUserRealName": "管理员",
    "createdTime": "2024-06-29T01:01:00",
    "modifiedUserId": null,
    "modifiedUserName": null,
    "modifiedUserRealName": null,
    "modifiedTime": null
  },
  {
    "id": 562908636414021,
    "dictTypeId": 562908549103685,
    "name": "分类2",
    "code": "f2",
    "value": "2",
    "description": null,
    "enabled": true,
    "sort": 2,
    "isDeleted": false,
    "createdUserId": 161223411986501,
    "createdUserName": "admin",
    "createdUserRealName": "管理员",
    "createdTime": "2024-06-29T01:01:07",
    "modifiedUserId": null,
    "modifiedUserName": null,
    "modifiedUserRealName": null,
    "modifiedTime": null
  }
]