[
  {
    "id": 189097691009093,
    "parentId": 0,
    "name": "中台",
    "code": "zhontai",
    "value": "",
    "memberCount": 0,
    "enabled": true,
    "sort": 1,
    "description": "",
    "childs": [
      {
        "id": 559700709679109,
        "parentId": 189097691009093,
        "name": "dd",
        "code": null,
        "value": null,
        "memberCount": 0,
        "enabled": true,
        "sort": 1,
        "description": null,
        "childs": [],
        "isDeleted": false,
        "createdUserId": 161223411986501,
        "createdUserName": "admin",
        "createdUserRealName": "管理员",
        "createdTime": "2024-06-19T23:28:02",
        "modifiedUserId": null,
        "modifiedUserName": null,
        "modifiedUserRealName": null,
        "modifiedTime": null
      },
      {
        "id": 559714630451205,
        "parentId": 189097691009093,
        "name": "cc",
        "code": null,
        "value": null,
        "memberCount": 0,
        "enabled": true,
        "sort": 2,
        "description": null,
        "childs": [],
        "isDeleted": false,
        "createdUserId": 161223411986501,
        "createdUserName": "admin",
        "createdUserRealName": "管理员",
        "createdTime": "2024-06-20T00:24:41",
        "modifiedUserId": null,
        "modifiedUserName": null,
        "modifiedUserRealName": null,
        "modifiedTime": null
      }
    ],
    "isDeleted": false,
    "createdUserId": 161223411986501,
    "createdUserName": "admin",
    "createdUserRealName": "管理员",
    "createdTime": "2023-06-13T16:23:05",
    "modifiedUserId": 161223411986501,
    "modifiedUserName": "admin",
    "modifiedUserRealName": "管理员",
    "modifiedTime": "2024-01-31T18:09:02"
  }
]