[
  {
    "id": 171039545122886,
    "permissionId": 161227168657477,
    "apiId": 161227168174149,
    "createdUserId": 161223411986501,
    "createdUserName": "admin",
    "createdUserRealName": "管理员",
    "createdTime": "2023-06-13T16:23:05"
  },
  {
    "id": 171039733657671,
    "permissionId": 161227168657478,
    "apiId": 161227168170054,
    "createdUserId": 161223411986501,
    "createdUserName": "admin",
    "createdUserRealName": "管理员",
    "createdTime": "2023-06-13T16:23:05"
  },
  {
    "id": 171039733657672,
    "permissionId": 161227168657478,
    "apiId": 161227168178245,
    "createdUserId": 161223411986501,
    "createdUserName": "admin",
    "createdUserRealName": "管理员",
    "createdTime": "2023-06-13T16:23:05"
  },
  {
    "id": 171039848452166,
    "permissionId": 161227168669766,
    "apiId": 161227168116805,
    "createdUserId": 161223411986501,
    "createdUserName": "admin",
    "createdUserRealName": "管理员",
    "createdTime": "2023-06-13T16:23:05"
  },
  {
    "id": 171039883370566,
    "permissionId": 161227168673861,
    "apiId": 161227168120901,
    "createdUserId": 161223411986501,
    "createdUserName": "admin",
    "createdUserRealName": "管理员",
    "createdTime": "2023-06-13T16:23:05"
  },
  {
    "id": 171039935344711,
    "permissionId": 161227168673862,
    "apiId": 161227168079941,
    "createdUserId": 161223411986501,
    "createdUserName": "admin",
    "createdUserRealName": "管理员",
    "createdTime": "2023-06-13T16:23:05"
  },
  {
    "id": 171039935344712,
    "permissionId": 161227168673862,
    "apiId": 161227168120902,
    "createdUserId": 161223411986501,
    "createdUserName": "admin",
    "createdUserRealName": "管理员",
    "createdTime": "2023-06-13T16:23:05"
  },
  {
    "id": 171040100655174,
    "permissionId": 161227168682053,
    "apiId": 161227168124998,
    "createdUserId": 161223411986501,
    "createdUserName": "admin",
    "createdUserRealName": "管理员",
    "createdTime": "2023-06-13T16:23:05"
  },
  {
    "id": 171040178724934,
    "permissionId": 161227168686150,
    "apiId": 161227168198726,
    "createdUserId": 161223411986501,
    "createdUserName": "admin",
    "createdUserRealName": "管理员",
    "createdTime": "2023-06-13T16:23:05"
  },
  {
    "id": 171040219164742,
    "permissionId": 161227168690245,
    "apiId": 161227168202822,
    "createdUserId": 161223411986501,
    "createdUserName": "admin",
    "createdUserRealName": "管理员",
    "createdTime": "2023-06-13T16:23:05"
  },
  {
    "id": 171040256553031,
    "permissionId": 161227168690246,
    "apiId": 161227168198725,
    "createdUserId": 161223411986501,
    "createdUserName": "admin",
    "createdUserRealName": "管理员",
    "createdTime": "2023-06-13T16:23:05"
  },
  {
    "id": 171040256553032,
    "permissionId": 161227168690246,
    "apiId": 161227168202823,
    "createdUserId": 161223411986501,
    "createdUserName": "admin",
    "createdUserRealName": "管理员",
    "createdTime": "2023-06-13T16:23:05"
  },
  {
    "id": 171040379768902,
    "permissionId": 161227168698437,
    "apiId": 161227168206919,
    "createdUserId": 161223411986501,
    "createdUserName": "admin",
    "createdUserRealName": "管理员",
    "createdTime": "2023-06-13T16:23:05"
  },
  {
    "id": 171040930574406,
    "permissionId": 161227168702534,
    "apiId": 161227168141383,
    "createdUserId": 161223411986501,
    "createdUserName": "admin",
    "createdUserRealName": "管理员",
    "createdTime": "2023-06-13T16:23:05"
  },
  {
    "id": 171041051480134,
    "permissionId": 161227168706629,
    "apiId": 161227168153669,
    "createdUserId": 161223411986501,
    "createdUserName": "admin",
    "createdUserRealName": "管理员",
    "createdTime": "2023-06-13T16:23:05"
  },
  {
    "id": 171041379016773,
    "permissionId": 161227168714821,
    "apiId": 161227168145478,
    "createdUserId": 161223411986501,
    "createdUserName": "admin",
    "createdUserRealName": "管理员",
    "createdTime": "2023-06-13T16:23:05"
  },
  {
    "id": 171041379016774,
    "permissionId": 161227168714821,
    "apiId": 161227168157766,
    "createdUserId": 161223411986501,
    "createdUserName": "admin",
    "createdUserRealName": "管理员",
    "createdTime": "2023-06-13T16:23:05"
  },
  {
    "id": 171041490071623,
    "permissionId": 161227168710726,
    "apiId": 161227168145477,
    "createdUserId": 161223411986501,
    "createdUserName": "admin",
    "createdUserRealName": "管理员",
    "createdTime": "2023-06-13T16:23:05"
  },
  {
    "id": 171041490071624,
    "permissionId": 161227168710726,
    "apiId": 161227168157765,
    "createdUserId": 161223411986501,
    "createdUserName": "admin",
    "createdUserRealName": "管理员",
    "createdTime": "2023-06-13T16:23:05"
  },
  {
    "id": 171042505658439,
    "permissionId": 161227168747590,
    "apiId": 161227168211013,
    "createdUserId": 161223411986501,
    "createdUserName": "admin",
    "createdUserRealName": "管理员",
    "createdTime": "2023-06-13T16:23:05"
  },
  {
    "id": 171042505658440,
    "permissionId": 161227168747590,
    "apiId": 161227168211014,
    "createdUserId": 161223411986501,
    "createdUserName": "admin",
    "createdUserRealName": "管理员",
    "createdTime": "2023-06-13T16:23:05"
  },
  {
    "id": 171044112568390,
    "permissionId": 161227168747589,
    "apiId": 161227168211013,
    "createdUserId": 161223411986501,
    "createdUserName": "admin",
    "createdUserRealName": "管理员",
    "createdTime": "2023-06-13T16:23:05"
  },
  {
    "id": 171045341298758,
    "permissionId": 161227168784454,
    "apiId": 161227168215109,
    "createdUserId": 161223411986501,
    "createdUserName": "admin",
    "createdUserRealName": "管理员",
    "createdTime": "2023-06-13T16:23:05"
  },
  {
    "id": 171045383643206,
    "permissionId": 161227168788550,
    "apiId": 161227168215110,
    "createdUserId": 161223411986501,
    "createdUserName": "admin",
    "createdUserRealName": "管理员",
    "createdTime": "2023-06-13T16:23:05"
  },
  {
    "id": 185974955921477,
    "permissionId": 161227168821318,
    "apiId": 161227168215111,
    "createdUserId": 161223411986501,
    "createdUserName": "admin",
    "createdUserRealName": "管理员",
    "createdTime": "2023-06-13T16:23:05"
  },
  {
    "id": 185974955921478,
    "permissionId": 161227168821318,
    "apiId": 161227168235589,
    "createdUserId": 161223411986501,
    "createdUserName": "admin",
    "createdUserRealName": "管理员",
    "createdTime": "2023-06-13T16:23:05"
  },
  {
    "id": 187390759231560,
    "permissionId": 187389970825285,
    "apiId": 161227168137285,
    "createdUserId": 161223411986501,
    "createdUserName": "admin",
    "createdUserRealName": "管理员",
    "createdTime": "2023-06-13T16:23:05"
  },
  {
    "id": 187390759231561,
    "permissionId": 187389970825285,
    "apiId": 161227168141381,
    "createdUserId": 161223411986501,
    "createdUserName": "admin",
    "createdUserRealName": "管理员",
    "createdTime": "2023-06-13T16:23:05"
  },
  {
    "id": 187390759231562,
    "permissionId": 187389970825285,
    "apiId": 174219034734661,
    "createdUserId": 161223411986501,
    "createdUserName": "admin",
    "createdUserRealName": "管理员",
    "createdTime": "2023-06-13T16:23:05"
  },
  {
    "id": 187390759231563,
    "permissionId": 187389970825285,
    "apiId": 174219034734664,
    "createdUserId": 161223411986501,
    "createdUserName": "admin",
    "createdUserRealName": "管理员",
    "createdTime": "2023-06-13T16:23:05"
  },
  {
    "id": 187390793699399,
    "permissionId": 187375358951493,
    "apiId": 161227168137286,
    "createdUserId": 161223411986501,
    "createdUserName": "admin",
    "createdUserRealName": "管理员",
    "createdTime": "2023-06-13T16:23:05"
  },
  {
    "id": 187390793703493,
    "permissionId": 187375358951493,
    "apiId": 174219034734662,
    "createdUserId": 161223411986501,
    "createdUserName": "admin",
    "createdUserRealName": "管理员",
    "createdTime": "2023-06-13T16:23:05"
  },
  {
    "id": 187391371079750,
    "permissionId": 187391371018309,
    "apiId": 184100551516229,
    "createdUserId": 161223411986501,
    "createdUserName": "admin",
    "createdUserRealName": "管理员",
    "createdTime": "2023-06-13T16:23:05"
  },
  {
    "id": 187391371079751,
    "permissionId": 187391371018309,
    "apiId": 184100551532613,
    "createdUserId": 161223411986501,
    "createdUserName": "admin",
    "createdUserRealName": "管理员",
    "createdTime": "2023-06-13T16:23:05"
  },
  {
    "id": 187391980814407,
    "permissionId": 187391980761157,
    "apiId": 161227168137287,
    "createdUserId": 161223411986501,
    "createdUserName": "admin",
    "createdUserRealName": "管理员",
    "createdTime": "2023-06-13T16:23:05"
  },
  {
    "id": 187391980814408,
    "permissionId": 187391980761157,
    "apiId": 174219034734663,
    "createdUserId": 161223411986501,
    "createdUserName": "admin",
    "createdUserRealName": "管理员",
    "createdTime": "2023-06-13T16:23:05"
  },
  {
    "id": 188054656598086,
    "permissionId": 188054656589893,
    "apiId": 174219034738760,
    "createdUserId": 161223411986501,
    "createdUserName": "admin",
    "createdUserRealName": "管理员",
    "createdTime": "2023-06-13T16:23:05"
  },
  {
    "id": 188054719275078,
    "permissionId": 188054719266885,
    "apiId": 174219034738761,
    "createdUserId": 161223411986501,
    "createdUserName": "admin",
    "createdUserRealName": "管理员",
    "createdTime": "2023-06-13T16:23:05"
  },
  {
    "id": 188054776557639,
    "permissionId": 188054776545349,
    "apiId": 174219034738759,
    "createdUserId": 161223411986501,
    "createdUserName": "admin",
    "createdUserRealName": "管理员",
    "createdTime": "2023-06-13T16:23:05"
  },
  {
    "id": 188054776557640,
    "permissionId": 188054776545349,
    "apiId": 174219034738762,
    "createdUserId": 161223411986501,
    "createdUserName": "admin",
    "createdUserRealName": "管理员",
    "createdTime": "2023-06-13T16:23:05"
  },
  {
    "id": 188054835359813,
    "permissionId": 188054834004037,
    "apiId": 174219034738763,
    "createdUserId": 161223411986501,
    "createdUserName": "admin",
    "createdUserRealName": "管理员",
    "createdTime": "2023-06-13T16:23:05"
  },
  {
    "id": 188799732666437,
    "permissionId": 188799732494405,
    "apiId": 174219034734667,
    "createdUserId": 161223411986501,
    "createdUserName": "admin",
    "createdUserRealName": "管理员",
    "createdTime": "2023-06-13T16:23:05"
  },
  {
    "id": 188799795204165,
    "permissionId": 188799795101765,
    "apiId": 174219034734668,
    "createdUserId": 161223411986501,
    "createdUserName": "admin",
    "createdUserRealName": "管理员",
    "createdTime": "2023-06-13T16:23:05"
  },
  {
    "id": 188799878713413,
    "permissionId": 188799878676549,
    "apiId": 174219034734666,
    "createdUserId": 161223411986501,
    "createdUserName": "admin",
    "createdUserRealName": "管理员",
    "createdTime": "2023-06-13T16:23:05"
  },
  {
    "id": 188799878713414,
    "permissionId": 188799878676549,
    "apiId": 174219034734669,
    "createdUserId": 161223411986501,
    "createdUserName": "admin",
    "createdUserRealName": "管理员",
    "createdTime": "2023-06-13T16:23:05"
  },
  {
    "id": 188799949889606,
    "permissionId": 188799949844549,
    "apiId": 174219034734670,
    "createdUserId": 161223411986501,
    "createdUserName": "admin",
    "createdUserRealName": "管理员",
    "createdTime": "2023-06-13T16:23:05"
  },
  {
    "id": 188799997497414,
    "permissionId": 188799997452357,
    "apiId": 174219034734671,
    "createdUserId": 161223411986501,
    "createdUserName": "admin",
    "createdUserRealName": "管理员",
    "createdTime": "2023-06-13T16:23:05"
  },
  {
    "id": 189345990312005,
    "permissionId": 189345990168645,
    "apiId": 174219034738764,
    "createdUserId": 161223411986501,
    "createdUserName": "admin",
    "createdUserRealName": "管理员",
    "createdTime": "2023-06-13T16:23:05"
  },
  {
    "id": 340637112541253,
    "permissionId": 161227168653382,
    "apiId": 336555241422917,
    "createdUserId": 161223411986501,
    "createdUserName": "admin",
    "createdUserRealName": "管理员",
    "createdTime": "2023-06-13T16:23:05"
  },
  {
    "id": 340637112541254,
    "permissionId": 161227168653382,
    "apiId": 336555241422918,
    "createdUserId": 161223411986501,
    "createdUserName": "admin",
    "createdUserRealName": "管理员",
    "createdTime": "2023-06-13T16:23:05"
  },
  {
    "id": 342275178242117,
    "permissionId": 161227168641093,
    "apiId": 161227168186437,
    "createdUserId": 161223411986501,
    "createdUserName": "admin",
    "createdUserRealName": "管理员",
    "createdTime": "2023-06-13T16:23:05"
  },
  {
    "id": 342275178246213,
    "permissionId": 161227168641093,
    "apiId": 188049296683077,
    "createdUserId": 161223411986501,
    "createdUserName": "admin",
    "createdUserRealName": "管理员",
    "createdTime": "2023-06-13T16:23:05"
  },
  {
    "id": 349750459183173,
    "permissionId": 161227168641094,
    "apiId": 336555241422917,
    "createdUserId": 161223411986501,
    "createdUserName": "admin",
    "createdUserRealName": "管理员",
    "createdTime": "2023-06-13T16:23:05"
  },
  {
    "id": 349750459183174,
    "permissionId": 161227168641094,
    "apiId": 161227168186437,
    "createdUserId": 161223411986501,
    "createdUserName": "admin",
    "createdUserRealName": "管理员",
    "createdTime": "2023-06-13T16:23:05"
  },
  {
    "id": 349750459183175,
    "permissionId": 161227168641094,
    "apiId": 161227168186438,
    "createdUserId": 161223411986501,
    "createdUserName": "admin",
    "createdUserRealName": "管理员",
    "createdTime": "2023-06-13T16:23:05"
  },
  {
    "id": 349750459183176,
    "permissionId": 161227168641094,
    "apiId": 188049296683077,
    "createdUserId": 161223411986501,
    "createdUserName": "admin",
    "createdUserRealName": "管理员",
    "createdTime": "2023-06-13T16:23:05"
  },
  {
    "id": 349750499344453,
    "permissionId": 161227168645189,
    "apiId": 336555241422917,
    "createdUserId": 161223411986501,
    "createdUserName": "admin",
    "createdUserRealName": "管理员",
    "createdTime": "2023-06-13T16:23:05"
  },
  {
    "id": 349750499344454,
    "permissionId": 161227168645189,
    "apiId": 161227168182343,
    "createdUserId": 161223411986501,
    "createdUserName": "admin",
    "createdUserRealName": "管理员",
    "createdTime": "2023-06-13T16:23:05"
  },
  {
    "id": 349750499344455,
    "permissionId": 161227168645189,
    "apiId": 161227168186437,
    "createdUserId": 161223411986501,
    "createdUserName": "admin",
    "createdUserRealName": "管理员",
    "createdTime": "2023-06-13T16:23:05"
  },
  {
    "id": 349750499344456,
    "permissionId": 161227168645189,
    "apiId": 161227168190533,
    "createdUserId": 161223411986501,
    "createdUserName": "admin",
    "createdUserRealName": "管理员",
    "createdTime": "2023-06-13T16:23:05"
  },
  {
    "id": 349750499344457,
    "permissionId": 161227168645189,
    "apiId": 188049296683077,
    "createdUserId": 161223411986501,
    "createdUserName": "admin",
    "createdUserRealName": "管理员",
    "createdTime": "2023-06-13T16:23:05"
  },
  {
    "id": 360708999491653,
    "permissionId": 349749778899013,
    "apiId": 349749396619333,
    "createdUserId": 161223411986501,
    "createdUserName": "admin",
    "createdUserRealName": "管理员",
    "createdTime": "2023-06-13T16:23:05"
  },
  {
    "id": 360709017350213,
    "permissionId": 349749511946309,
    "apiId": 349749396615237,
    "createdUserId": 161223411986501,
    "createdUserName": "admin",
    "createdUserRealName": "管理员",
    "createdTime": "2023-06-13T16:23:05"
  },
  {
    "id": 360709080879173,
    "permissionId": 340890474405957,
    "apiId": 336555241422919,
    "createdUserId": 161223411986501,
    "createdUserName": "admin",
    "createdUserRealName": "管理员",
    "createdTime": "2023-06-13T16:23:05"
  },
  {
    "id": 360709080879174,
    "permissionId": 340890474405957,
    "apiId": 0,
    "createdUserId": 161223411986501,
    "createdUserName": "admin",
    "createdUserRealName": "管理员",
    "createdTime": "2023-06-13T16:23:05"
  },
  {
    "id": 360709080879175,
    "permissionId": 340890474405957,
    "apiId": 188049296683077,
    "createdUserId": 161223411986501,
    "createdUserName": "admin",
    "createdUserRealName": "管理员",
    "createdTime": "2023-06-13T16:23:05"
  },
  {
    "id": 360709099552837,
    "permissionId": 340890633515077,
    "apiId": 336555241422920,
    "createdUserId": 161223411986501,
    "createdUserName": "admin",
    "createdUserRealName": "管理员",
    "createdTime": "2023-06-13T16:23:05"
  },
  {
    "id": 360709121323077,
    "permissionId": 340645133123653,
    "apiId": 161227168149574,
    "createdUserId": 161223411986501,
    "createdUserName": "admin",
    "createdUserRealName": "管理员",
    "createdTime": "2023-06-13T16:23:05"
  },
  {
    "id": 360709121327173,
    "permissionId": 340645133123653,
    "apiId": 161227168149575,
    "createdUserId": 161223411986501,
    "createdUserName": "admin",
    "createdUserRealName": "管理员",
    "createdTime": "2023-06-13T16:23:05"
  },
  {
    "id": 360709121327174,
    "permissionId": 340645133123653,
    "apiId": 161227168165957,
    "createdUserId": 161223411986501,
    "createdUserName": "admin",
    "createdUserRealName": "管理员",
    "createdTime": "2023-06-13T16:23:05"
  },
  {
    "id": 360709189963845,
    "permissionId": 188054258278469,
    "apiId": 188049296683077,
    "createdUserId": 161223411986501,
    "createdUserName": "admin",
    "createdUserRealName": "管理员",
    "createdTime": "2023-06-13T16:23:05"
  },
  {
    "id": 360709215817797,
    "permissionId": 188054341582917,
    "apiId": 174219034734674,
    "createdUserId": 161223411986501,
    "createdUserName": "admin",
    "createdUserRealName": "管理员",
    "createdTime": "2023-06-13T16:23:05"
  },
  {
    "id": 360709237321797,
    "permissionId": 188054416891973,
    "apiId": 174219034734672,
    "createdUserId": 161223411986501,
    "createdUserName": "admin",
    "createdUserRealName": "管理员",
    "createdTime": "2023-06-13T16:23:05"
  },
  {
    "id": 360709237325893,
    "permissionId": 188054416891973,
    "apiId": 174219034738757,
    "createdUserId": 161223411986501,
    "createdUserName": "admin",
    "createdUserRealName": "管理员",
    "createdTime": "2023-06-13T16:23:05"
  },
  {
    "id": 360709600628805,
    "permissionId": 161227168731205,
    "apiId": 161227168165958,
    "createdUserId": 161223411986501,
    "createdUserName": "admin",
    "createdUserRealName": "管理员",
    "createdTime": "2023-06-13T16:23:05"
  },
  {
    "id": 360709600628806,
    "permissionId": 161227168731205,
    "apiId": 161227168170053,
    "createdUserId": 161223411986501,
    "createdUserName": "admin",
    "createdUserRealName": "管理员",
    "createdTime": "2023-06-13T16:23:05"
  },
  {
    "id": 360709844901957,
    "permissionId": 161227168706630,
    "apiId": 161227168153670,
    "createdUserId": 161223411986501,
    "createdUserName": "admin",
    "createdUserRealName": "管理员",
    "createdTime": "2023-06-13T16:23:05"
  },
  {
    "id": 360709952303173,
    "permissionId": 161227168727110,
    "apiId": 161227168165959,
    "createdUserId": 161223411986501,
    "createdUserName": "admin",
    "createdUserRealName": "管理员",
    "createdTime": "2023-06-13T16:23:05"
  },
  {
    "id": 360710163017797,
    "permissionId": 343343120306245,
    "apiId": 336555241427013,
    "createdUserId": 161223411986501,
    "createdUserName": "admin",
    "createdUserRealName": "管理员",
    "createdTime": "2023-06-13T16:23:05"
  },
  {
    "id": 360710186348613,
    "permissionId": 343342945812549,
    "apiId": 336555241422922,
    "createdUserId": 161223411986501,
    "createdUserName": "admin",
    "createdUserRealName": "管理员",
    "createdTime": "2023-06-13T16:23:05"
  },
  {
    "id": 360710210654277,
    "permissionId": 343344363630661,
    "apiId": 336555241427018,
    "createdUserId": 161223411986501,
    "createdUserName": "admin",
    "createdUserRealName": "管理员",
    "createdTime": "2023-06-13T16:23:05"
  },
  {
    "id": 360710378074181,
    "permissionId": 343343209164869,
    "apiId": 336555241427014,
    "createdUserId": 161223411986501,
    "createdUserName": "admin",
    "createdUserRealName": "管理员",
    "createdTime": "2023-06-13T16:23:05"
  },
  {
    "id": 360710409134149,
    "permissionId": 343343735894085,
    "apiId": 336555241422922,
    "createdUserId": 161223411986501,
    "createdUserName": "admin",
    "createdUserRealName": "管理员",
    "createdTime": "2023-06-13T16:23:05"
  },
  {
    "id": 360710409134150,
    "permissionId": 343343735894085,
    "apiId": 336555241427015,
    "createdUserId": 161223411986501,
    "createdUserName": "admin",
    "createdUserRealName": "管理员",
    "createdTime": "2023-06-13T16:23:05"
  },
  {
    "id": 360710429880389,
    "permissionId": 343344158351429,
    "apiId": 336555241427016,
    "createdUserId": 161223411986501,
    "createdUserName": "admin",
    "createdUserRealName": "管理员",
    "createdTime": "2023-06-13T16:23:05"
  },
  {
    "id": 360710497280069,
    "permissionId": 343343989960773,
    "apiId": 343342310703173,
    "createdUserId": 161223411986501,
    "createdUserName": "admin",
    "createdUserRealName": "管理员",
    "createdTime": "2023-06-13T16:23:05"
  },
  {
    "id": 360710512681029,
    "permissionId": 343343926595653,
    "apiId": 343342310699077,
    "createdUserId": 161223411986501,
    "createdUserName": "admin",
    "createdUserRealName": "管理员",
    "createdTime": "2023-06-13T16:23:05"
  },
  {
    "id": 360710534180933,
    "permissionId": 343344066166853,
    "apiId": 343342310703174,
    "createdUserId": 161223411986501,
    "createdUserName": "admin",
    "createdUserRealName": "管理员",
    "createdTime": "2023-06-13T16:23:05"
  },
  {
    "id": 360710689267781,
    "permissionId": 161227168833605,
    "apiId": 161227168239685,
    "createdUserId": 161223411986501,
    "createdUserName": "admin",
    "createdUserRealName": "管理员",
    "createdTime": "2023-06-13T16:23:05"
  },
  {
    "id": 360710797463621,
    "permissionId": 161227168800838,
    "apiId": 161227168223302,
    "createdUserId": 161223411986501,
    "createdUserName": "admin",
    "createdUserRealName": "管理员",
    "createdTime": "2023-06-13T16:23:05"
  },
  {
    "id": 360710817820741,
    "permissionId": 161227168804933,
    "apiId": 161227168227397,
    "createdUserId": 161223411986501,
    "createdUserName": "admin",
    "createdUserRealName": "管理员",
    "createdTime": "2023-06-13T16:23:05"
  },
  {
    "id": 360710880665669,
    "permissionId": 161227168809029,
    "apiId": 161227168219205,
    "createdUserId": 161223411986501,
    "createdUserName": "admin",
    "createdUserRealName": "管理员",
    "createdTime": "2023-06-13T16:23:05"
  },
  {
    "id": 360710880665670,
    "permissionId": 161227168809029,
    "apiId": 161227168227398,
    "createdUserId": 161223411986501,
    "createdUserName": "admin",
    "createdUserRealName": "管理员",
    "createdTime": "2023-06-13T16:23:05"
  },
  {
    "id": 360710901760069,
    "permissionId": 161227168813125,
    "apiId": 161227168219206,
    "createdUserId": 161223411986501,
    "createdUserName": "admin",
    "createdUserRealName": "管理员",
    "createdTime": "2023-06-13T16:23:05"
  },
  {
    "id": 360710901760070,
    "permissionId": 161227168813125,
    "apiId": 161227168231493,
    "createdUserId": 161223411986501,
    "createdUserName": "admin",
    "createdUserRealName": "管理员",
    "createdTime": "2023-06-13T16:23:05"
  },
  {
    "id": 360711132024901,
    "permissionId": 161227168825414,
    "apiId": 161227168235589,
    "createdUserId": 161223411986501,
    "createdUserName": "admin",
    "createdUserRealName": "管理员",
    "createdTime": "2023-06-13T16:23:05"
  },
  {
    "id": 360711132024902,
    "permissionId": 161227168825414,
    "apiId": 161227168235590,
    "createdUserId": 161223411986501,
    "createdUserName": "admin",
    "createdUserRealName": "管理员",
    "createdTime": "2023-06-13T16:23:05"
  },
  {
    "id": 363544618700869,
    "permissionId": 161227168813126,
    "apiId": 161227168231494,
    "createdUserId": 161223411986501,
    "createdUserName": "admin",
    "createdUserRealName": "管理员",
    "createdTime": "2023-06-13T16:23:05"
  },
  {
    "id": 363544634417221,
    "permissionId": 161227168833606,
    "apiId": 161227168239686,
    "createdUserId": 161223411986501,
    "createdUserName": "admin",
    "createdUserRealName": "管理员",
    "createdTime": "2023-06-13T16:23:05"
  },
  {
    "id": 363544652439621,
    "permissionId": 161227168829509,
    "apiId": 161227168235591,
    "createdUserId": 161223411986501,
    "createdUserName": "admin",
    "createdUserRealName": "管理员",
    "createdTime": "2023-06-13T16:23:05"
  },
  {
    "id": 372004983631941,
    "permissionId": 372004430860357,
    "apiId": 371292589764677,
    "createdUserId": 161223411986501,
    "createdUserName": "admin",
    "createdUserRealName": "管理员",
    "createdTime": "2023-06-13T16:23:05"
  },
  {
    "id": 372387123470405,
    "permissionId": 161227168649285,
    "apiId": 336555241427019,
    "createdUserId": 161223411986501,
    "createdUserName": "admin",
    "createdUserRealName": "管理员",
    "createdTime": "2023-06-13T16:23:05"
  },
  {
    "id": 372387205976133,
    "permissionId": 161227168645190,
    "apiId": 271618651926607,
    "createdUserId": 161223411986501,
    "createdUserName": "admin",
    "createdUserRealName": "管理员",
    "createdTime": "2023-06-13T16:23:05"
  },
  {
    "id": 372387273650245,
    "permissionId": 161227168661573,
    "apiId": 271618651926604,
    "createdUserId": 161223411986501,
    "createdUserName": "admin",
    "createdUserRealName": "管理员",
    "createdTime": "2023-06-13T16:23:05"
  },
  {
    "id": 372387357708357,
    "permissionId": 161227168665669,
    "apiId": 336555241422921,
    "createdUserId": 161223411986501,
    "createdUserName": "admin",
    "createdUserRealName": "管理员",
    "createdTime": "2023-06-13T16:23:05"
  },
  {
    "id": 372387722547269,
    "permissionId": 188054509027397,
    "apiId": 342274923528261,
    "createdUserId": 161223411986501,
    "createdUserName": "admin",
    "createdUserRealName": "管理员",
    "createdTime": "2023-06-13T16:23:05"
  },
  {
    "id": 372387852169285,
    "permissionId": 161227168718917,
    "apiId": 187384805367877,
    "createdUserId": 161223411986501,
    "createdUserName": "admin",
    "createdUserRealName": "管理员",
    "createdTime": "2023-06-13T16:23:05"
  },
  {
    "id": 372388163334213,
    "permissionId": 161227168759877,
    "apiId": 163579785756741,
    "createdUserId": 161223411986501,
    "createdUserName": "admin",
    "createdUserRealName": "管理员",
    "createdTime": "2023-06-13T16:23:05"
  },
  {
    "id": 372389074755653,
    "permissionId": 187390547820613,
    "apiId": 271618651926597,
    "createdUserId": 161223411986501,
    "createdUserName": "admin",
    "createdUserRealName": "管理员",
    "createdTime": "2023-06-13T16:23:05"
  },
  {
    "id": 372389074755654,
    "permissionId": 187390547820613,
    "apiId": 271618651922504,
    "createdUserId": 161223411986501,
    "createdUserName": "admin",
    "createdUserRealName": "管理员",
    "createdTime": "2023-06-13T16:23:05"
  },
  {
    "id": 372393512312901,
    "permissionId": 372031447494725,
    "apiId": 372031353708613,
    "createdUserId": 161223411986501,
    "createdUserName": "admin",
    "createdUserRealName": "管理员",
    "createdTime": "2023-06-13T16:23:05"
  },
  {
    "id": 372398462337093,
    "permissionId": 372004589551685,
    "apiId": 371678435708997,
    "createdUserId": 161223411986501,
    "createdUserName": "admin",
    "createdUserRealName": "管理员",
    "createdTime": "2023-06-13T16:23:05"
  },
  {
    "id": 372398462349381,
    "permissionId": 372004589551685,
    "apiId": 371678435725381,
    "createdUserId": 161223411986501,
    "createdUserName": "admin",
    "createdUserRealName": "管理员",
    "createdTime": "2023-06-13T16:23:05"
  },
  {
    "id": 372400081883205,
    "permissionId": 161227168677957,
    "apiId": 271618651914309,
    "createdUserId": 161223411986501,
    "createdUserName": "admin",
    "createdUserRealName": "管理员",
    "createdTime": "2023-06-13T16:23:05"
  },
  {
    "id": 372400964571205,
    "permissionId": 161227168677958,
    "apiId": 372400615755845,
    "createdUserId": 161223411986501,
    "createdUserName": "admin",
    "createdUserRealName": "管理员",
    "createdTime": "2023-06-13T16:23:05"
  },
  {
    "id": 372401035112517,
    "permissionId": 161227168694341,
    "apiId": 271618651926608,
    "createdUserId": 161223411986501,
    "createdUserName": "admin",
    "createdUserRealName": "管理员",
    "createdTime": "2023-06-13T16:23:05"
  },
  {
    "id": 372401476096069,
    "permissionId": 161227168694342,
    "apiId": 372401403850821,
    "createdUserId": 161223411986501,
    "createdUserName": "admin",
    "createdUserRealName": "管理员",
    "createdTime": "2023-06-13T16:23:05"
  },
  {
    "id": 394676138577989,
    "permissionId": 394672570462277,
    "apiId": 394672333692997,
    "createdUserId": 161223411986501,
    "createdUserName": "admin",
    "createdUserRealName": "管理员",
    "createdTime": "2023-06-13T16:23:05"
  },
  {
    "id": 394676175425605,
    "permissionId": 394672685342789,
    "apiId": 394672333688901,
    "createdUserId": 161223411986501,
    "createdUserName": "admin",
    "createdUserRealName": "管理员",
    "createdTime": "2023-06-13T16:23:05"
  },
  {
    "id": 402840520056901,
    "permissionId": 402840520048709,
    "apiId": 402830164914252,
    "createdUserId": 161223411986501,
    "createdUserName": "admin",
    "createdUserRealName": "管理员",
    "createdTime": "2023-06-13T16:23:05"
  },
  {
    "id": 402840869609541,
    "permissionId": 402840869605445,
    "apiId": 402830164914249,
    "createdUserId": 161223411986501,
    "createdUserName": "admin",
    "createdUserRealName": "管理员",
    "createdTime": "2023-06-13T16:23:05"
  },
  {
    "id": 402843803623493,
    "permissionId": 402840810463301,
    "apiId": 402830164914248,
    "createdUserId": 161223411986501,
    "createdUserName": "admin",
    "createdUserRealName": "管理员",
    "createdTime": "2023-06-13T16:23:05"
  },
  {
    "id": 402843803623494,
    "permissionId": 402840810463301,
    "apiId": 161227168243782,
    "createdUserId": 161223411986501,
    "createdUserName": "admin",
    "createdUserRealName": "管理员",
    "createdTime": "2023-06-13T16:23:05"
  },
  {
    "id": 402846230683717,
    "permissionId": 161807358345285,
    "apiId": 170317848645701,
    "createdUserId": 161223411986501,
    "createdUserName": "admin",
    "createdUserRealName": "管理员",
    "createdTime": "2023-06-13T16:23:05"
  },
  {
    "id": 402846230696005,
    "permissionId": 161807358345285,
    "apiId": 170317848662085,
    "createdUserId": 161223411986501,
    "createdUserName": "admin",
    "createdUserRealName": "管理员",
    "createdTime": "2023-06-13T16:23:05"
  },
  {
    "id": 402846230696006,
    "permissionId": 161807358345285,
    "apiId": 161227168149574,
    "createdUserId": 161223411986501,
    "createdUserName": "admin",
    "createdUserRealName": "管理员",
    "createdTime": "2023-06-13T16:23:05"
  },
  {
    "id": 402846305517637,
    "permissionId": 402843985313861,
    "apiId": 402830164914247,
    "createdUserId": 161223411986501,
    "createdUserName": "admin",
    "createdUserRealName": "管理员",
    "createdTime": "2023-06-13T16:23:05"
  },
  {
    "id": 402846305521733,
    "permissionId": 402843985313861,
    "apiId": 161227168149574,
    "createdUserId": 161223411986501,
    "createdUserName": "admin",
    "createdUserRealName": "管理员",
    "createdTime": "2023-06-13T16:23:05"
  },
  {
    "id": 402846305521734,
    "permissionId": 402843985313861,
    "apiId": 402830164914246,
    "createdUserId": 161223411986501,
    "createdUserName": "admin",
    "createdUserRealName": "管理员",
    "createdTime": "2023-06-13T16:23:05"
  },
  {
    "id": 403174061850693,
    "permissionId": 402839687192645,
    "apiId": 402830164914250,
    "createdUserId": 161223411986501,
    "createdUserName": "admin",
    "createdUserRealName": "管理员",
    "createdTime": "2023-06-13T16:23:05"
  },
  {
    "id": 403174104182853,
    "permissionId": 402840395829317,
    "apiId": 402830164914251,
    "createdUserId": 161223411986501,
    "createdUserName": "admin",
    "createdUserRealName": "管理员",
    "createdTime": "2023-06-13T16:23:05"
  },
  {
    "id": 403174104182854,
    "permissionId": 402840395829317,
    "apiId": 402830164910150,
    "createdUserId": 161223411986501,
    "createdUserName": "admin",
    "createdUserRealName": "管理员",
    "createdTime": "2023-06-13T16:23:05"
  },
  {
    "id": 403174168866885,
    "permissionId": 161227168755781,
    "apiId": 161227168243783,
    "createdUserId": 161223411986501,
    "createdUserName": "admin",
    "createdUserRealName": "管理员",
    "createdTime": "2023-06-13T16:23:05"
  },
  {
    "id": 403174168866886,
    "permissionId": 161227168755781,
    "apiId": 402830164910151,
    "createdUserId": 161223411986501,
    "createdUserName": "admin",
    "createdUserRealName": "管理员",
    "createdTime": "2023-06-13T16:23:05"
  },
  {
    "id": 403174230675525,
    "permissionId": 161227168755782,
    "apiId": 161227168243781,
    "createdUserId": 161223411986501,
    "createdUserName": "admin",
    "createdUserRealName": "管理员",
    "createdTime": "2023-06-13T16:23:05"
  },
  {
    "id": 403174230675526,
    "permissionId": 161227168755782,
    "apiId": 161227168247877,
    "createdUserId": 161223411986501,
    "createdUserName": "admin",
    "createdUserRealName": "管理员",
    "createdTime": "2023-06-13T16:23:05"
  },
  {
    "id": 403174230675527,
    "permissionId": 161227168755782,
    "apiId": 402830164910151,
    "createdUserId": 161223411986501,
    "createdUserName": "admin",
    "createdUserRealName": "管理员",
    "createdTime": "2023-06-13T16:23:05"
  },
  {
    "id": 406343893172293,
    "permissionId": 402838978203717,
    "apiId": 402830164910151,
    "createdUserId": 161223411986501,
    "createdUserName": "admin",
    "createdUserRealName": "管理员",
    "createdTime": "2023-06-13T16:23:05"
  },
  {
    "id": 406343893180485,
    "permissionId": 402838978203717,
    "apiId": 402830164910152,
    "createdUserId": 161223411986501,
    "createdUserName": "admin",
    "createdUserRealName": "管理员",
    "createdTime": "2023-06-13T16:23:05"
  },
  {
    "id": 406343893180486,
    "permissionId": 402838978203717,
    "apiId": 402830164914245,
    "createdUserId": 161223411986501,
    "createdUserName": "admin",
    "createdUserRealName": "管理员",
    "createdTime": "2023-06-13T16:23:05"
  },
  {
    "id": 406343893180487,
    "permissionId": 402838978203717,
    "apiId": 402830164910150,
    "createdUserId": 161223411986501,
    "createdUserName": "admin",
    "createdUserRealName": "管理员",
    "createdTime": "2023-06-13T16:23:05"
  },
  {
    "id": 406343893180488,
    "permissionId": 402838978203717,
    "apiId": 403173446250565,
    "createdUserId": 161223411986501,
    "createdUserName": "admin",
    "createdUserRealName": "管理员",
    "createdTime": "2023-06-13T16:23:05"
  },
  {
    "id": 406343893180489,
    "permissionId": 402838978203717,
    "apiId": 402830164914246,
    "createdUserId": 161223411986501,
    "createdUserName": "admin",
    "createdUserRealName": "管理员",
    "createdTime": "2023-06-13T16:23:05"
  },
  {
    "id": 406344832528453,
    "permissionId": 161227168751686,
    "apiId": 161227168243782,
    "createdUserId": 161223411986501,
    "createdUserName": "admin",
    "createdUserRealName": "管理员",
    "createdTime": "2023-06-13T16:23:05"
  },
  {
    "id": 406344832528454,
    "permissionId": 161227168751686,
    "apiId": 161227168243781,
    "createdUserId": 161223411986501,
    "createdUserName": "admin",
    "createdUserRealName": "管理员",
    "createdTime": "2023-06-13T16:23:05"
  },
  {
    "id": 406344832528455,
    "permissionId": 161227168751686,
    "apiId": 170317848645701,
    "createdUserId": 161223411986501,
    "createdUserName": "admin",
    "createdUserRealName": "管理员",
    "createdTime": "2023-06-13T16:23:05"
  },
  {
    "id": 427947735322693,
    "permissionId": 427947735298117,
    "apiId": 427947639398469,
    "createdUserId": 161223411986501,
    "createdUserName": "admin",
    "createdUserRealName": "管理员",
    "createdTime": "2023-06-13T16:23:49"
  },
  {
    "id": 544357883498565,
    "permissionId": 544357883424837,
    "apiId": 544353292288071,
    "createdUserId": 161223411986501,
    "createdUserName": "admin",
    "createdUserRealName": "管理员",
    "createdTime": "2024-05-07T14:57:55"
  },
  {
    "id": 544357883514949,
    "permissionId": 544357883424837,
    "apiId": 544353292288070,
    "createdUserId": 161223411986501,
    "createdUserName": "admin",
    "createdUserRealName": "管理员",
    "createdTime": "2024-05-07T14:57:55"
  },
  {
    "id": 544358205157445,
    "permissionId": 544358205145157,
    "apiId": 544353292288072,
    "createdUserId": 161223411986501,
    "createdUserName": "admin",
    "createdUserRealName": "管理员",
    "createdTime": "2024-05-07T14:59:14"
  },
  {
    "id": 544358205157446,
    "permissionId": 544358205145157,
    "apiId": 544353292288070,
    "createdUserId": 161223411986501,
    "createdUserName": "admin",
    "createdUserRealName": "管理员",
    "createdTime": "2024-05-07T14:59:14"
  },
  {
    "id": 544358293336133,
    "permissionId": 544358293327941,
    "apiId": 544353292288073,
    "createdUserId": 161223411986501,
    "createdUserName": "admin",
    "createdUserRealName": "管理员",
    "createdTime": "2024-05-07T14:59:35"
  },
  {
    "id": 544358293336134,
    "permissionId": 544358293327941,
    "apiId": 544353292288070,
    "createdUserId": 161223411986501,
    "createdUserName": "admin",
    "createdUserRealName": "管理员",
    "createdTime": "2024-05-07T14:59:35"
  },
  {
    "id": 544358293336135,
    "permissionId": 544358293327941,
    "apiId": 544353292288069,
    "createdUserId": 161223411986501,
    "createdUserName": "admin",
    "createdUserRealName": "管理员",
    "createdTime": "2024-05-07T14:59:35"
  },
  {
    "id": 544359356235845,
    "permissionId": 544359356227653,
    "apiId": 544353292288076,
    "createdUserId": 161223411986501,
    "createdUserName": "admin",
    "createdUserRealName": "管理员",
    "createdTime": "2024-05-07T15:03:55"
  },
  {
    "id": 544359417700421,
    "permissionId": 544359417692229,
    "apiId": 544353292288077,
    "createdUserId": 161223411986501,
    "createdUserName": "admin",
    "createdUserRealName": "管理员",
    "createdTime": "2024-05-07T15:04:10"
  },
  {
    "id": 544361305550917,
    "permissionId": 544361305542725,
    "apiId": 544353292288078,
    "createdUserId": 161223411986501,
    "createdUserName": "admin",
    "createdUserRealName": "管理员",
    "createdTime": "2024-05-07T15:11:51"
  },
  {
    "id": 544365405282373,
    "permissionId": 544358732812357,
    "apiId": 544353292288074,
    "createdUserId": 161223411986501,
    "createdUserName": "admin",
    "createdUserRealName": "管理员",
    "createdTime": "2024-05-07T15:28:32"
  },
  {
    "id": 551712205766725,
    "permissionId": 551712205733957,
    "apiId": 551709465014341,
    "createdUserId": 161223411986501,
    "createdUserName": "admin",
    "createdUserRealName": "管理员",
    "createdTime": "2024-05-28T09:42:44"
  },
  {
    "id": 558569448116229,
    "permissionId": 558569448103941,
    "apiId": 558565711048713,
    "createdUserId": 161223411986501,
    "createdUserName": "admin",
    "createdUserRealName": "管理员",
    "createdTime": "2024-06-16T18:44:56"
  },
  {
    "id": 558609389879301,
    "permissionId": 558609389862917,
    "apiId": 558565711048714,
    "createdUserId": 161223411986501,
    "createdUserName": "admin",
    "createdUserRealName": "管理员",
    "createdTime": "2024-06-16T21:27:26"
  },
  {
    "id": 558609389936645,
    "permissionId": 558609389895685,
    "apiId": 558565711048715,
    "createdUserId": 161223411986501,
    "createdUserName": "admin",
    "createdUserRealName": "管理员",
    "createdTime": "2024-06-16T21:27:26"
  },
  {
    "id": 558617953255429,
    "permissionId": 558617953177605,
    "apiId": 558565711048713,
    "createdUserId": 161223411986501,
    "createdUserName": "admin",
    "createdUserRealName": "管理员",
    "createdTime": "2024-06-16T22:02:17"
  },
  {
    "id": 560632808222725,
    "permissionId": 560632808194053,
    "apiId": 558618748936198,
    "createdUserId": 161223411986501,
    "createdUserName": "admin",
    "createdUserRealName": "管理员",
    "createdTime": "2024-06-22T14:40:45"
  },
  {
    "id": 560632808292357,
    "permissionId": 560632808271877,
    "apiId": 558618748936199,
    "createdUserId": 161223411986501,
    "createdUserName": "admin",
    "createdUserRealName": "管理员",
    "createdTime": "2024-06-22T14:40:45"
  },
  {
    "id": 560632808325125,
    "permissionId": 560632808308741,
    "apiId": 558618748936201,
    "createdUserId": 161223411986501,
    "createdUserName": "admin",
    "createdUserRealName": "管理员",
    "createdTime": "2024-06-22T14:40:45"
  },
  {
    "id": 560632808357893,
    "permissionId": 560632808341509,
    "apiId": 558618748936202,
    "createdUserId": 161223411986501,
    "createdUserName": "admin",
    "createdUserRealName": "管理员",
    "createdTime": "2024-06-22T14:40:45"
  },
  {
    "id": 560632808394757,
    "permissionId": 560632808374277,
    "apiId": 558618748936200,
    "createdUserId": 161223411986501,
    "createdUserName": "admin",
    "createdUserRealName": "管理员",
    "createdTime": "2024-06-22T14:40:45"
  },
  {
    "id": 560632808423429,
    "permissionId": 560632808411141,
    "apiId": 558618748936203,
    "createdUserId": 161223411986501,
    "createdUserName": "admin",
    "createdUserRealName": "管理员",
    "createdTime": "2024-06-22T14:40:45"
  },
  {
    "id": 560632808452101,
    "permissionId": 560632808435717,
    "apiId": 558618748936204,
    "createdUserId": 161223411986501,
    "createdUserName": "admin",
    "createdUserRealName": "管理员",
    "createdTime": "2024-06-22T14:40:45"
  },
  {
    "id": 560632808480773,
    "permissionId": 560632808464389,
    "apiId": 558618748936205,
    "createdUserId": 161223411986501,
    "createdUserName": "admin",
    "createdUserRealName": "管理员",
    "createdTime": "2024-06-22T14:40:45"
  },
  {
    "id": 560632815312901,
    "permissionId": 560632815288325,
    "apiId": 558618748936206,
    "createdUserId": 161223411986501,
    "createdUserName": "admin",
    "createdUserRealName": "管理员",
    "createdTime": "2024-06-22T14:40:47"
  },
  {
    "id": 560632815341573,
    "permissionId": 560632815325189,
    "apiId": 558618748936207,
    "createdUserId": 161223411986501,
    "createdUserName": "admin",
    "createdUserRealName": "管理员",
    "createdTime": "2024-06-22T14:40:47"
  },
  {
    "id": 560632815366149,
    "permissionId": 560632815349765,
    "apiId": 558618748936209,
    "createdUserId": 161223411986501,
    "createdUserName": "admin",
    "createdUserRealName": "管理员",
    "createdTime": "2024-06-22T14:40:47"
  },
  {
    "id": 560632815394821,
    "permissionId": 560632815378437,
    "apiId": 558618748936210,
    "createdUserId": 161223411986501,
    "createdUserName": "admin",
    "createdUserRealName": "管理员",
    "createdTime": "2024-06-22T14:40:47"
  },
  {
    "id": 560632815423493,
    "permissionId": 560632815407109,
    "apiId": 558618748936208,
    "createdUserId": 161223411986501,
    "createdUserName": "admin",
    "createdUserRealName": "管理员",
    "createdTime": "2024-06-22T14:40:47"
  },
  {
    "id": 560632815452165,
    "permissionId": 560632815435781,
    "apiId": 558618748936211,
    "createdUserId": 161223411986501,
    "createdUserName": "admin",
    "createdUserRealName": "管理员",
    "createdTime": "2024-06-22T14:40:47"
  },
  {
    "id": 560632815480837,
    "permissionId": 560632815464453,
    "apiId": 558618748936212,
    "createdUserId": 161223411986501,
    "createdUserName": "admin",
    "createdUserRealName": "管理员",
    "createdTime": "2024-06-22T14:40:47"
  },
  {
    "id": 560632815509509,
    "permissionId": 560632815493125,
    "apiId": 558618748936213,
    "createdUserId": 161223411986501,
    "createdUserName": "admin",
    "createdUserRealName": "管理员",
    "createdTime": "2024-06-22T14:40:47"
  },
  {
    "id": 560632821841925,
    "permissionId": 560632821825541,
    "apiId": 558995652308997,
    "createdUserId": 161223411986501,
    "createdUserName": "admin",
    "createdUserRealName": "管理员",
    "createdTime": "2024-06-22T14:40:48"
  },
  {
    "id": 560632821870597,
    "permissionId": 560632821854213,
    "apiId": 558995652308998,
    "createdUserId": 161223411986501,
    "createdUserName": "admin",
    "createdUserRealName": "管理员",
    "createdTime": "2024-06-22T14:40:48"
  },
  {
    "id": 560632821903365,
    "permissionId": 560632821891077,
    "apiId": 558995652309000,
    "createdUserId": 161223411986501,
    "createdUserName": "admin",
    "createdUserRealName": "管理员",
    "createdTime": "2024-06-22T14:40:48"
  },
  {
    "id": 560632821936133,
    "permissionId": 560632821919749,
    "apiId": 558995652309001,
    "createdUserId": 161223411986501,
    "createdUserName": "admin",
    "createdUserRealName": "管理员",
    "createdTime": "2024-06-22T14:40:48"
  },
  {
    "id": 560632821972997,
    "permissionId": 560632821956613,
    "apiId": 558995652308999,
    "createdUserId": 161223411986501,
    "createdUserName": "admin",
    "createdUserRealName": "管理员",
    "createdTime": "2024-06-22T14:40:48"
  },
  {
    "id": 560632821997573,
    "permissionId": 560632821985285,
    "apiId": 558995652309002,
    "createdUserId": 161223411986501,
    "createdUserName": "admin",
    "createdUserRealName": "管理员",
    "createdTime": "2024-06-22T14:40:48"
  },
  {
    "id": 560632822026245,
    "permissionId": 560632822013957,
    "apiId": 558995652309003,
    "createdUserId": 161223411986501,
    "createdUserName": "admin",
    "createdUserRealName": "管理员",
    "createdTime": "2024-06-22T14:40:48"
  },
  {
    "id": 562899125583941,
    "permissionId": 562899125559365,
    "apiId": 562899044974665,
    "createdUserId": 161223411986501,
    "createdUserName": "admin",
    "createdUserRealName": "管理员",
    "createdTime": "2024-06-29T00:22:26"
  },
  {
    "id": 562899125657669,
    "permissionId": 562899125637189,
    "apiId": 562899044974662,
    "createdUserId": 161223411986501,
    "createdUserName": "admin",
    "createdUserRealName": "管理员",
    "createdTime": "2024-06-29T00:22:26"
  },
  {
    "id": 562899125739589,
    "permissionId": 562899125674053,
    "apiId": 562899044974666,
    "createdUserId": 161223411986501,
    "createdUserName": "admin",
    "createdUserRealName": "管理员",
    "createdTime": "2024-06-29T00:22:26"
  },
  {
    "id": 562899125780549,
    "permissionId": 562899125760069,
    "apiId": 562899044974667,
    "createdUserId": 161223411986501,
    "createdUserName": "admin",
    "createdUserRealName": "管理员",
    "createdTime": "2024-06-29T00:22:26"
  },
  {
    "id": 562899125817413,
    "permissionId": 562899125792837,
    "apiId": 562899044974664,
    "createdUserId": 161223411986501,
    "createdUserName": "admin",
    "createdUserRealName": "管理员",
    "createdTime": "2024-06-29T00:22:26"
  },
  {
    "id": 562899125854277,
    "permissionId": 562899125833797,
    "apiId": 562899044974663,
    "createdUserId": 161223411986501,
    "createdUserName": "admin",
    "createdUserRealName": "管理员",
    "createdTime": "2024-06-29T00:22:26"
  },
  {
    "id": 562899125887045,
    "permissionId": 562899125870661,
    "apiId": 562899044974668,
    "createdUserId": 161223411986501,
    "createdUserName": "admin",
    "createdUserRealName": "管理员",
    "createdTime": "2024-06-29T00:22:26"
  },
  {
    "id": 562899125923909,
    "permissionId": 562899125907525,
    "apiId": 562899044974669,
    "createdUserId": 161223411986501,
    "createdUserName": "admin",
    "createdUserRealName": "管理员",
    "createdTime": "2024-06-29T00:22:26"
  },
  {
    "id": 564648879657029,
    "permissionId": 564648879607877,
    "apiId": 361090412425285,
    "createdUserId": 161223411986501,
    "createdUserName": "admin",
    "createdUserRealName": "管理员",
    "createdTime": "2024-07-03T23:02:12"
  },
  {
    "id": 564648879673413,
    "permissionId": 564648879607877,
    "apiId": 161227168170054,
    "createdUserId": 161223411986501,
    "createdUserName": "admin",
    "createdUserRealName": "管理员",
    "createdTime": "2024-07-03T23:02:12"
  },
  {
    "id": 564648879673414,
    "permissionId": 564648879607877,
    "apiId": 188049296683077,
    "createdUserId": 161223411986501,
    "createdUserName": "admin",
    "createdUserRealName": "管理员",
    "createdTime": "2024-07-03T23:02:12"
  }
]