[
  {
    "id": 161223412080709,
    "parentId": 336557474730053,
    "childs": null,
    "name": "主管理员",
    "code": "main-admin",
    "type": 2,
    "dataScope": 1,
    "description": "",
    "hidden": false,
    "sort": 1,
    "isDeleted": false,
    "createdUserId": 161223411986501,
    "createdUserName": "admin",
    "createdUserRealName": "管理员",
    "createdTime": "2023-06-13T16:23:05",
    "modifiedUserId": 161223411986501,
    "modifiedUserName": "admin",
    "modifiedUserRealName": "管理员",
    "modifiedTime": "2024-01-31T18:09:02"
  },
  {
    "id": 162605510979653,
    "parentId": 336557578817605,
    "childs": null,
    "name": "普通员工",
    "code": "emp",
    "type": 2,
    "dataScope": 4,
    "description": "",
    "hidden": false,
    "sort": 1,
    "isDeleted": false,
    "createdUserId": 161223411986501,
    "createdUserName": "admin",
    "createdUserRealName": "管理员",
    "createdTime": "2023-06-13T16:23:05",
    "modifiedUserId": 161223411986501,
    "modifiedUserName": "admin",
    "modifiedUserRealName": "管理员",
    "modifiedTime": "2023-06-13T16:28:58"
  },
  {
    "id": 336557474730053,
    "parentId": 0,
    "childs": null,
    "name": "系统默认",
    "code": null,
    "type": 1,
    "dataScope": 1,
    "description": null,
    "hidden": false,
    "sort": 1,
    "isDeleted": false,
    "createdUserId": 161223411986501,
    "createdUserName": "admin",
    "createdUserRealName": "管理员",
    "createdTime": "2023-06-13T16:23:05",
    "modifiedUserId": 161223411986501,
    "modifiedUserName": "admin",
    "modifiedUserRealName": "管理员",
    "modifiedTime": "2024-01-31T18:09:02"
  },
  {
    "id": 336557508276293,
    "parentId": 0,
    "childs": null,
    "name": "职务",
    "code": null,
    "type": 1,
    "dataScope": 1,
    "description": null,
    "hidden": false,
    "sort": 2,
    "isDeleted": false,
    "createdUserId": 161223411986501,
    "createdUserName": "admin",
    "createdUserRealName": "管理员",
    "createdTime": "2023-06-13T16:23:05",
    "modifiedUserId": 161223411986501,
    "modifiedUserName": "admin",
    "modifiedUserRealName": "管理员",
    "modifiedTime": "2024-01-31T18:09:02"
  },
  {
    "id": 336557578817605,
    "parentId": 0,
    "childs": null,
    "name": "岗位",
    "code": null,
    "type": 1,
    "dataScope": 1,
    "description": null,
    "hidden": false,
    "sort": 3,
    "isDeleted": false,
    "createdUserId": 161223411986501,
    "createdUserName": "admin",
    "createdUserRealName": "管理员",
    "createdTime": "2023-06-13T16:23:05",
    "modifiedUserId": 161223411986501,
    "modifiedUserName": "admin",
    "modifiedUserRealName": "管理员",
    "modifiedTime": "2024-01-31T18:09:02"
  },
  {
    "id": 340428577087557,
    "parentId": 336557508276293,
    "childs": null,
    "name": "IT",
    "code": "it",
    "type": 2,
    "dataScope": 1,
    "description": "",
    "hidden": false,
    "sort": 1,
    "isDeleted": false,
    "createdUserId": 161223411986501,
    "createdUserName": "admin",
    "createdUserRealName": "管理员",
    "createdTime": "2023-06-13T16:23:05",
    "modifiedUserId": 161223411986501,
    "modifiedUserName": "admin",
    "modifiedUserRealName": "管理员",
    "modifiedTime": "2023-06-13T16:28:50"
  },
  {
    "id": 564647954321477,
    "parentId": 336557578817605,
    "childs": null,
    "name": "超级管理员",
    "code": null,
    "type": 2,
    "dataScope": 1,
    "description": null,
    "hidden": false,
    "sort": 1,
    "isDeleted": false,
    "createdUserId": 161223411986501,
    "createdUserName": "admin",
    "createdUserRealName": "管理员",
    "createdTime": "2024-07-03T22:58:26",
    "modifiedUserId": 161223411986501,
    "modifiedUserName": "admin",
    "modifiedUserRealName": "管理员",
    "modifiedTime": "2024-07-03T22:58:42"
  }
]