[
  {
    "id": 161223411986501,
    "tenantId": 161223412138053,
    "position": null,
    "jobNumber": null,
    "sex": 0,
    "entryTime": null,
    "workWeChatCard": null,
    "introduce": null,
    "isDeleted": false,
    "createdUserId": 161223411986501,
    "createdUserName": "admin",
    "createdUserRealName": "管理员",
    "createdTime": "2023-06-13T16:23:05",
    "modifiedUserId": 161223411986501,
    "modifiedUserName": "admin",
    "modifiedUserRealName": "管理员",
    "modifiedTime": "2024-01-31T18:09:02"
  }
]