[
  {
    "id": 161223411986501,
    "tenantId": 161223412138053,
    "userName": "admin",
    "password": "E120EA280AA50693D5568D0071456460",
    "passwordEncryptType": 0,
    "name": "管理员",
    "mobile": "13122223333",
    "email": "xiaoxue@zhontai.com",
    "orgId": 189097691009093,
    "managerUserId": null,
    "nickName": "小雪转中雪",
    "avatar": null,
    "status": null,
    "type": 100,
    "enabled": true,
    "isDeleted": false,
    "createdUserId": 161223411986501,
    "createdUserName": "admin",
    "createdUserRealName": "管理员",
    "createdTime": "2023-06-13T16:23:05",
    "modifiedUserId": 161223411986501,
    "modifiedUserName": "admin",
    "modifiedUserRealName": "管理员",
    "modifiedTime": "2023-06-13T16:27:00"
  }
]