[
  {
    "id": 161227168313413,
    "parentId": 0,
    "name": null,
    "label": "平台管理",
    "path": null,
    "description": null,
    "cache": true,
    "sort": 1,
    "enabled": true,
    "childs": [
      {
        "id": 161227168428101,
        "parentId": 161227168313413,
        "name": "admin/workbench",
        "label": "工作台",
        "path": "admin/workbench/index",
        "description": null,
        "cache": true,
        "sort": 1,
        "enabled": true,
        "childs": [],
        "isDeleted": false,
        "createdUserId": 161223411986501,
        "createdUserName": "admin",
        "createdUserRealName": "管理员",
        "createdTime": "2023-06-13T16:23:05",
        "modifiedUserId": 161223411986501,
        "modifiedUserName": "admin",
        "modifiedUserRealName": "管理员",
        "modifiedTime": "2024-01-31T18:09:02"
      },
      {
        "id": 161227168432197,
        "parentId": 161227168313413,
        "name": null,
        "label": "系统管理",
        "path": null,
        "description": null,
        "cache": true,
        "sort": 3,
        "enabled": true,
        "childs": [
          {
            "id": 161227168440390,
            "parentId": 161227168432197,
            "name": "admin/api",
            "label": "接口管理",
            "path": "admin/api/index",
            "description": null,
            "cache": true,
            "sort": 4,
            "enabled": true,
            "childs": null,
            "isDeleted": false,
            "createdUserId": 161223411986501,
            "createdUserName": "admin",
            "createdUserRealName": "管理员",
            "createdTime": "2023-06-13T16:23:05",
            "modifiedUserId": 161223411986501,
            "modifiedUserName": "admin",
            "modifiedUserRealName": "管理员",
            "modifiedTime": "2024-01-31T18:09:02"
          },
          {
            "id": 161227168444485,
            "parentId": 161227168432197,
            "name": "admin/view",
            "label": "视图管理",
            "path": "admin/view/index",
            "description": null,
            "cache": true,
            "sort": 5,
            "enabled": true,
            "childs": null,
            "isDeleted": false,
            "createdUserId": 161223411986501,
            "createdUserName": "admin",
            "createdUserRealName": "管理员",
            "createdTime": "2023-06-13T16:23:05",
            "modifiedUserId": 161223411986501,
            "modifiedUserName": "admin",
            "modifiedUserRealName": "管理员",
            "modifiedTime": "2024-01-31T18:09:02"
          },
          {
            "id": 161227168448582,
            "parentId": 161227168432197,
            "name": "admin/cache",
            "label": "缓存管理",
            "path": "admin/cache/index",
            "description": null,
            "cache": true,
            "sort": 3,
            "enabled": true,
            "childs": null,
            "isDeleted": false,
            "createdUserId": 161223411986501,
            "createdUserName": "admin",
            "createdUserRealName": "管理员",
            "createdTime": "2023-06-13T16:23:05",
            "modifiedUserId": 161223411986501,
            "modifiedUserName": "admin",
            "modifiedUserRealName": "管理员",
            "modifiedTime": "2024-01-31T18:09:02"
          },
          {
            "id": 161227168456774,
            "parentId": 161227168432197,
            "name": "admin/document",
            "label": "文档管理",
            "path": "admin/document/index",
            "description": null,
            "cache": true,
            "sort": 7,
            "enabled": true,
            "childs": null,
            "isDeleted": false,
            "createdUserId": 161223411986501,
            "createdUserName": "admin",
            "createdUserRealName": "管理员",
            "createdTime": "2023-06-13T16:23:05",
            "modifiedUserId": 161223411986501,
            "modifiedUserName": "admin",
            "modifiedUserRealName": "管理员",
            "modifiedTime": "2024-01-31T18:09:02"
          },
          {
            "id": 187053736300613,
            "parentId": 161227168432197,
            "name": "admin/dict",
            "label": "数据字典",
            "path": "admin/dict/index",
            "description": "数据字典",
            "cache": true,
            "sort": 1,
            "enabled": true,
            "childs": null,
            "isDeleted": false,
            "createdUserId": 161223411986501,
            "createdUserName": "admin",
            "createdUserRealName": "管理员",
            "createdTime": "2023-06-13T16:23:05",
            "modifiedUserId": 161223411986501,
            "modifiedUserName": "admin",
            "modifiedUserRealName": "管理员",
            "modifiedTime": "2024-01-31T18:09:02"
          },
          {
            "id": 336556164300869,
            "parentId": 161227168432197,
            "name": "admin/task",
            "label": "任务调度",
            "path": "admin/task/index",
            "description": "",
            "cache": true,
            "sort": 2,
            "enabled": true,
            "childs": null,
            "isDeleted": false,
            "createdUserId": 161223411986501,
            "createdUserName": "admin",
            "createdUserRealName": "管理员",
            "createdTime": "2023-06-13T16:23:05",
            "modifiedUserId": 161223411986501,
            "modifiedUserName": "admin",
            "modifiedUserRealName": "管理员",
            "modifiedTime": "2024-01-31T18:09:02"
          },
          {
            "id": 371247502852165,
            "parentId": 161227168432197,
            "name": "admin/file",
            "label": "文件管理",
            "path": "admin/file/index",
            "description": null,
            "cache": true,
            "sort": 6,
            "enabled": true,
            "childs": null,
            "isDeleted": false,
            "createdUserId": 161223411986501,
            "createdUserName": "admin",
            "createdUserRealName": "管理员",
            "createdTime": "2023-06-13T16:23:05",
            "modifiedUserId": 161223411986501,
            "modifiedUserName": "admin",
            "modifiedUserRealName": "管理员",
            "modifiedTime": "2024-01-31T18:09:02"
          },
          {
            "id": 541192324943941,
            "parentId": 161227168432197,
            "name": "admin/region",
            "label": "地区管理",
            "path": "admin/region/index",
            "description": null,
            "cache": true,
            "sort": 8,
            "enabled": true,
            "childs": null,
            "isDeleted": false,
            "createdUserId": 161223411986501,
            "createdUserName": "admin",
            "createdUserRealName": "管理员",
            "createdTime": "2024-04-28T16:17:14",
            "modifiedUserId": 161223411986501,
            "modifiedUserName": "admin",
            "modifiedUserRealName": "管理员",
            "modifiedTime": "2024-07-03T22:52:26"
          }
        ],
        "isDeleted": false,
        "createdUserId": 161223411986501,
        "createdUserName": "admin",
        "createdUserRealName": "管理员",
        "createdTime": "2023-06-13T16:23:05",
        "modifiedUserId": 161223411986501,
        "modifiedUserName": "admin",
        "modifiedUserRealName": "管理员",
        "modifiedTime": "2024-01-31T18:09:02"
      },
      {
        "id": 161227168436293,
        "parentId": 161227168313413,
        "name": "admin/personal",
        "label": "个人中心",
        "path": "admin/personal/index",
        "description": null,
        "cache": true,
        "sort": 5,
        "enabled": true,
        "childs": [],
        "isDeleted": false,
        "createdUserId": 161223411986501,
        "createdUserName": "admin",
        "createdUserRealName": "管理员",
        "createdTime": "2023-06-13T16:23:05",
        "modifiedUserId": 161223411986501,
        "modifiedUserName": "admin",
        "modifiedUserRealName": "管理员",
        "modifiedTime": "2024-01-31T18:09:02"
      },
      {
        "id": 161227168436294,
        "parentId": 161227168313413,
        "name": null,
        "label": "权限管理",
        "path": null,
        "description": "",
        "cache": true,
        "sort": 2,
        "enabled": true,
        "childs": [
          {
            "id": 161227168436295,
            "parentId": 161227168436294,
            "name": "admin/user",
            "label": "用户管理",
            "path": "admin/user/index",
            "description": "",
            "cache": true,
            "sort": 1,
            "enabled": true,
            "childs": null,
            "isDeleted": false,
            "createdUserId": 161223411986501,
            "createdUserName": "admin",
            "createdUserRealName": "管理员",
            "createdTime": "2023-06-13T16:23:05",
            "modifiedUserId": 161223411986501,
            "modifiedUserName": "admin",
            "modifiedUserRealName": "管理员",
            "modifiedTime": "2024-01-31T18:09:02"
          },
          {
            "id": 161227168440389,
            "parentId": 161227168436294,
            "name": "admin/role",
            "label": "角色管理",
            "path": "admin/role/index",
            "description": "",
            "cache": true,
            "sort": 2,
            "enabled": true,
            "childs": null,
            "isDeleted": false,
            "createdUserId": 161223411986501,
            "createdUserName": "admin",
            "createdUserRealName": "管理员",
            "createdTime": "2023-06-13T16:23:05",
            "modifiedUserId": 161223411986501,
            "modifiedUserName": "admin",
            "modifiedUserRealName": "管理员",
            "modifiedTime": "2024-01-31T18:09:02"
          },
          {
            "id": 161227168444486,
            "parentId": 161227168436294,
            "name": "admin/permission",
            "label": "权限管理",
            "path": "admin/permission/index",
            "description": null,
            "cache": true,
            "sort": 4,
            "enabled": true,
            "childs": null,
            "isDeleted": false,
            "createdUserId": 161223411986501,
            "createdUserName": "admin",
            "createdUserRealName": "管理员",
            "createdTime": "2023-06-13T16:23:05",
            "modifiedUserId": 161223411986501,
            "modifiedUserName": "admin",
            "modifiedUserRealName": "管理员",
            "modifiedTime": "2024-01-31T18:09:02"
          },
          {
            "id": 161227168448583,
            "parentId": 161227168436294,
            "name": "admin/tenant",
            "label": "租户管理",
            "path": "admin/tenant/index",
            "description": null,
            "cache": true,
            "sort": 5,
            "enabled": true,
            "childs": null,
            "isDeleted": false,
            "createdUserId": 161223411986501,
            "createdUserName": "admin",
            "createdUserRealName": "管理员",
            "createdTime": "2023-06-13T16:23:05",
            "modifiedUserId": 161223411986501,
            "modifiedUserName": "admin",
            "modifiedUserRealName": "管理员",
            "modifiedTime": "2024-01-31T18:09:02"
          },
          {
            "id": 174312361087045,
            "parentId": 161227168436294,
            "name": "admin/org",
            "label": "部门管理",
            "path": "admin/org/index",
            "description": "",
            "cache": true,
            "sort": 3,
            "enabled": true,
            "childs": null,
            "isDeleted": false,
            "createdUserId": 161223411986501,
            "createdUserName": "admin",
            "createdUserRealName": "管理员",
            "createdTime": "2023-06-13T16:23:05",
            "modifiedUserId": 161223411986501,
            "modifiedUserName": "admin",
            "modifiedUserRealName": "管理员",
            "modifiedTime": "2024-01-31T18:09:02"
          },
          {
            "id": 402829224460357,
            "parentId": 161227168436294,
            "name": "admin/pkg",
            "label": "套餐管理",
            "path": "admin/pkg/index",
            "description": null,
            "cache": true,
            "sort": 6,
            "enabled": true,
            "childs": null,
            "isDeleted": false,
            "createdUserId": 161223411986501,
            "createdUserName": "admin",
            "createdUserRealName": "管理员",
            "createdTime": "2023-06-13T16:23:05",
            "modifiedUserId": 161223411986501,
            "modifiedUserName": "admin",
            "modifiedUserRealName": "管理员",
            "modifiedTime": "2024-01-31T18:09:02"
          }
        ],
        "isDeleted": false,
        "createdUserId": 161223411986501,
        "createdUserName": "admin",
        "createdUserRealName": "管理员",
        "createdTime": "2023-06-13T16:23:05",
        "modifiedUserId": 161223411986501,
        "modifiedUserName": "admin",
        "modifiedUserRealName": "管理员",
        "modifiedTime": "2024-01-31T18:09:02"
      },
      {
        "id": 161227168452677,
        "parentId": 161227168313413,
        "name": null,
        "label": "日志管理",
        "path": null,
        "description": "",
        "cache": true,
        "sort": 4,
        "enabled": true,
        "childs": [
          {
            "id": 161227168452678,
            "parentId": 161227168452677,
            "name": "admin/oprationLog",
            "label": "操作日志",
            "path": "admin/logs/opration-log",
            "description": null,
            "cache": true,
            "sort": 2,
            "enabled": true,
            "childs": null,
            "isDeleted": false,
            "createdUserId": 161223411986501,
            "createdUserName": "admin",
            "createdUserRealName": "管理员",
            "createdTime": "2023-06-13T16:23:05",
            "modifiedUserId": 161223411986501,
            "modifiedUserName": "admin",
            "modifiedUserRealName": "管理员",
            "modifiedTime": "2024-01-31T18:09:02"
          },
          {
            "id": 161227168456773,
            "parentId": 161227168452677,
            "name": "admin/loginLog",
            "label": "登录日志",
            "path": "admin/logs/login-log",
            "description": null,
            "cache": true,
            "sort": 1,
            "enabled": true,
            "childs": null,
            "isDeleted": false,
            "createdUserId": 161223411986501,
            "createdUserName": "admin",
            "createdUserRealName": "管理员",
            "createdTime": "2023-06-13T16:23:05",
            "modifiedUserId": 161223411986501,
            "modifiedUserName": "admin",
            "modifiedUserRealName": "管理员",
            "modifiedTime": "2024-01-31T18:09:02"
          }
        ],
        "isDeleted": false,
        "createdUserId": 161223411986501,
        "createdUserName": "admin",
        "createdUserRealName": "管理员",
        "createdTime": "2023-06-13T16:23:05",
        "modifiedUserId": 161223411986501,
        "modifiedUserName": "admin",
        "modifiedUserRealName": "管理员",
        "modifiedTime": "2024-01-31T18:09:02"
      }
    ],
    "isDeleted": false,
    "createdUserId": 161223411986501,
    "createdUserName": "admin",
    "createdUserRealName": "管理员",
    "createdTime": "2023-06-13T16:23:05",
    "modifiedUserId": 161223411986501,
    "modifiedUserName": "admin",
    "modifiedUserRealName": "管理员",
    "modifiedTime": "2024-01-31T18:09:02"
  },
  {
    "id": 361047466754117,
    "parentId": 0,
    "name": "",
    "label": "布局管理",
    "path": null,
    "description": null,
    "cache": true,
    "sort": 2,
    "enabled": true,
    "childs": [
      {
        "id": 361047593013317,
        "parentId": 361047466754117,
        "name": "link",
        "label": "链接",
        "path": "layout/routerView/link",
        "description": null,
        "cache": true,
        "sort": 1,
        "enabled": true,
        "childs": [],
        "isDeleted": false,
        "createdUserId": 161223411986501,
        "createdUserName": "admin",
        "createdUserRealName": "管理员",
        "createdTime": "2023-06-13T16:23:05",
        "modifiedUserId": 161223411986501,
        "modifiedUserName": "admin",
        "modifiedUserRealName": "管理员",
        "modifiedTime": "2024-01-31T18:09:02"
      },
      {
        "id": 361047841796165,
        "parentId": 361047466754117,
        "name": "iframe",
        "label": "内嵌窗口",
        "path": "layout/routerView/iframes",
        "description": null,
        "cache": true,
        "sort": 2,
        "enabled": true,
        "childs": [],
        "isDeleted": false,
        "createdUserId": 161223411986501,
        "createdUserName": "admin",
        "createdUserRealName": "管理员",
        "createdTime": "2023-06-13T16:23:05",
        "modifiedUserId": 161223411986501,
        "modifiedUserName": "admin",
        "modifiedUserRealName": "管理员",
        "modifiedTime": "2024-01-31T18:09:02"
      }
    ],
    "isDeleted": false,
    "createdUserId": 161223411986501,
    "createdUserName": "admin",
    "createdUserRealName": "管理员",
    "createdTime": "2023-06-13T16:23:05",
    "modifiedUserId": 161223411986501,
    "modifiedUserName": "admin",
    "modifiedUserRealName": "管理员",
    "modifiedTime": "2024-01-31T18:09:02"
  },
  {
    "id": 558530915442693,
    "parentId": 0,
    "name": null,
    "label": "代码管理",
    "path": null,
    "description": null,
    "cache": false,
    "sort": 99,
    "enabled": true,
    "childs": [
      {
        "id": 558531082424325,
        "parentId": 558530915442693,
        "name": "codegen",
        "label": "代码生成",
        "path": "dev/codegen/index",
        "description": null,
        "cache": false,
        "sort": 1,
        "enabled": true,
        "childs": [],
        "isDeleted": false,
        "createdUserId": 161223411986501,
        "createdUserName": "admin",
        "createdUserRealName": "管理员",
        "createdTime": "2024-06-16T16:08:49",
        "modifiedUserId": null,
        "modifiedUserName": null,
        "modifiedUserRealName": null,
        "modifiedTime": null
      },
      {
        "id": 560656177434629,
        "parentId": 558530915442693,
        "name": "dev/code-group",
        "label": "模板组",
        "path": "dev/code-group/index",
        "description": null,
        "cache": true,
        "sort": 0,
        "enabled": true,
        "childs": [],
        "isDeleted": false,
        "createdUserId": 161223411986501,
        "createdUserName": "admin",
        "createdUserRealName": "管理员",
        "createdTime": "2024-06-22T16:15:50",
        "modifiedUserId": null,
        "modifiedUserName": null,
        "modifiedUserRealName": null,
        "modifiedTime": null
      },
      {
        "id": 560662146969605,
        "parentId": 558530915442693,
        "name": "dev/code-group-detail",
        "label": "模板明细",
        "path": "dev/code-group-detail/index",
        "description": null,
        "cache": true,
        "sort": 0,
        "enabled": true,
        "childs": [],
        "isDeleted": false,
        "createdUserId": 161223411986501,
        "createdUserName": "admin",
        "createdUserRealName": "管理员",
        "createdTime": "2024-06-22T16:40:08",
        "modifiedUserId": null,
        "modifiedUserName": null,
        "modifiedUserRealName": null,
        "modifiedTime": null
      },
      {
        "id": 562898932564037,
        "parentId": 558530915442693,
        "name": "dev/code-group-demo",
        "label": "模板演示管理",
        "path": "dev/code-group-demo/index",
        "description": null,
        "cache": true,
        "sort": 0,
        "enabled": true,
        "childs": [],
        "isDeleted": false,
        "createdUserId": 161223411986501,
        "createdUserName": "admin",
        "createdUserRealName": "管理员",
        "createdTime": "2024-06-29T00:21:39",
        "modifiedUserId": null,
        "modifiedUserName": null,
        "modifiedUserRealName": null,
        "modifiedTime": null
      }
    ],
    "isDeleted": false,
    "createdUserId": 161223411986501,
    "createdUserName": "admin",
    "createdUserRealName": "管理员",
    "createdTime": "2024-06-16T16:08:08",
    "modifiedUserId": 161223411986501,
    "modifiedUserName": "admin",
    "modifiedUserRealName": "管理员",
    "modifiedTime": "2024-06-16T16:08:16"
  }
]